id,name,software,menu,description,shortcut,addon,difficulty,tags,intent_categories,object_types,outcomes,icon,gif,source
,3DFace,Rhino,Mesh,"Draws a single mesh face by picking three or four corner points. Handy for patching an individual hole in a mesh or building simple mesh geometry point by point, much like the old AutoCAD workflow.",,,intermediate,Mesh|Create,create,mesh,,/rhino9-icons/3dface.png,,https://docs.mcneel.com/rhino/9/help/en-us/commands/3dface.htm
,3View,Rhino,View,Splits the screen into a three-viewport arrangement instead of the usual four. Useful when you want a large perspective view alongside a couple of orthographic views without the clutter of a full grid.,,,beginner,View|Layout|Workspace,visualise|organise,view,navigate,,,https://docs.mcneel.com/rhino/9/help/en-us/commands/3view.htm
,4View,Rhino,View,"Restores the classic four-viewport arrangement of Top, Front, Right and Perspective. Quick reset when viewport layouts get into a muddle.",,,beginner,View|Layout|Workspace,visualise|organise,view,navigate,,,https://docs.mcneel.com/rhino/9/help/en-us/commandlist/command_list.htm
,About,Rhino,Tools,"Opens the About Rhino dialog showing the exact version, service release and licence details. Reach for it when reporting a bug or checking whether you are on the latest service release.",,,beginner,System|Info,document,,,,,https://docs.mcneel.com/rhino/9/help/en-us/commands/about.htm
,AcadSchemes,Rhino,File,"Manages the export schemes used when saving to AutoCAD formats (DWG/DXF). Set up a scheme once — how curves, layers and hatches translate — then reuse it every time you issue drawings to consultants.",,,intermediate,Export|AutoCAD|Interoperability,document|organise,,,,,https://docs.mcneel.com/rhino/9/help/en-us/commands/acadschemes.htm
,AddGuide,Rhino,Tools,"Places an infinite construction guide line that object snaps recognise but that never prints or exports. Ideal for setting out temporary alignment lines while modelling, without polluting the file with real geometry.",,,intermediate,Guides|Construction|Snapping,create|organise,curve,,,,https://docs.mcneel.com/rhino/9/help/en-us/commands/addguide.htm
,AddMissingBlockAttributeKeys,Rhino,Edit,"Brings block instances up to date so they all carry the full set of attribute keys defined for the block, adding any that are missing. Useful housekeeping when a block definition has gained new data fields after instances were placed.",,,advanced,Blocks|Attributes|Data,edit|organise,,,,,https://docs.mcneel.com/rhino/9/help/en-us/commands/addmissingblockattributekeys.htm
,AddNextU,Rhino,Edit,Grows the current control-point selection by one point in the surface's U direction. Part of the family of selection helpers that make it quick to grab rows of control points for shaping surfaces.,,,intermediate,Selection|Control Points,edit,surface|curve,,,,https://docs.mcneel.com/rhino/9/help/en-us/commands/addnextu.htm
,AddNextV,Rhino,Edit,Grows the current control-point selection by one point in the surface's V direction. Used with the other row-selection helpers when sculpting surfaces via their control points.,,,intermediate,Selection|Control Points,edit,surface|curve,,,,https://docs.mcneel.com/rhino/9/help/en-us/commands/addnextv.htm
,AddNgonsToMesh,Rhino,Mesh,"Groups coplanar triangles and quads in a mesh into larger n-sided faces (ngons), giving a cleaner-looking mesh without changing its shape. Useful before exporting to software that prefers ngon meshes, or simply to tidy the wireframe display.",,,intermediate,Mesh|Ngons|Cleanup,edit,mesh,join,/rhino9-icons/addngonstomesh.png,,https://docs.mcneel.com/rhino/9/help/en-us/commands/addngonstomesh.htm
,AddObjectsToBlock,Rhino,Edit,"Adds selected geometry to an existing block definition, updating every instance of that block in the model. Saves redefining a block from scratch when a component design gains an extra part.",,,intermediate,Blocks|Editing,edit|organise,,join,,,https://docs.mcneel.com/rhino/9/help/en-us/commands/addobjectstoblock.htm
,AddPrevU,Rhino,Edit,Extends the current control-point selection by one point in the opposite U direction. A quick way to walk a selection along a surface row while fine-tuning form.,,,intermediate,Selection|Control Points,edit,surface|curve,,,,https://docs.mcneel.com/rhino/9/help/en-us/commands/addprevu.htm
,AddPrevV,Rhino,Edit,Extends the current control-point selection by one point in the opposite V direction. Companion to AddNextV for stepping a selection along a surface column.,,,intermediate,Selection|Control Points,edit,surface|curve,,,,https://docs.mcneel.com/rhino/9/help/en-us/commands/addprevv.htm
,AddToGroup,Rhino,Edit,Adds extra objects into an existing group without rebuilding it. Keeps evolving assemblies tidy as elements are added.,,,beginner,Edit|Groups|Organisation,organise,curve|surface|solid|mesh,,,,https://docs.mcneel.com/rhino/9/help/en-us/commandlist/command_list.htm
,Alerter,Rhino,Tools,"Plays a notification sound when a long-running operation finishes, so you can get on with something else while Rhino churns through a heavy calculation or render mesh. Configure the delay threshold and sound to taste.",,,beginner,System|Notification|Utility,organise,,,,,https://docs.mcneel.com/rhino/9/help/en-us/commands/alerter.htm
,Align,Rhino,Transform,"Lines up selected objects by their edges or centres, vertically or horizontally. Tidies drawing layouts and rows of objects without manual snapping.",,,beginner,Transform|Align,transform|organise,curve|surface|solid|mesh|point|annotation,move,/rhino9-icons/align.png,,https://docs.mcneel.com/rhino/9/help/en-us/commandlist/command_list.htm
,AlignVertices,Rhino,Mesh,"Snaps mesh or SubD vertices that sit within a tolerance of each other onto the same location, so nearly-touching edges can then be welded or joined cleanly. A standard first step when repairing meshes with hairline gaps.",,,intermediate,Mesh|SubD|Repair,edit,mesh|subd,join|move,/rhino9-icons/alignvertices.png,,https://docs.mcneel.com/rhino/9/help/en-us/commands/alignvertices.htm
,Angle,Rhino,Analyze,Measures the angle between two lines or defined directions. Companion to Distance for checking splays and slopes.,,,beginner,Analyze|Measure,analyse,curve|point,measure,/rhino9-icons/angle.png,,https://docs.mcneel.com/rhino/9/help/en-us/commandlist/command_list.htm
,AppendFace,Rhino,SubD,Adds new faces onto existing SubD or mesh edges by picking corner points. Used to grow a form outwards face by face during freeform modelling.,,,intermediate,SubD|Edit|Faces,create|edit,subd|mesh,,,,https://docs.mcneel.com/rhino/9/help/en-us/commandlist/command_list.htm
,ApplyBoxMapping,Rhino,Render,"Wraps a texture onto an object by projecting it from the six sides of a box. The go-to mapping for orthogonal, building-like forms where you want materials such as brick or timber to read correctly on every face.",,,intermediate,Texture Mapping|Materials|Rendering,visualise,surface|solid|mesh,,,,https://docs.mcneel.com/rhino/9/help/en-us/commands/applyboxmapping.htm
,ApplyCrv,Rhino,Curve,"Takes flat curves drawn in the world XY plane and wraps them onto a target surface using the surface's UV parameterisation. Designers use it to lay out patterns, engraving or panel lines flat, then transfer them onto a curved form.",,,advanced,Curve|Surface|Wrap,create|transform,curve|surface,,/rhino9-icons/applycrv_rt.png,,https://docs.mcneel.com/rhino/9/help/en-us/commands/applycrv.htm
,ApplyCustomMapping,Rhino,Render,"Assigns a custom texture-mapping channel to an object, using another object or a custom widget to control how the texture flows across it. For the cases where the standard planar, box, cylindrical and spherical projections cannot follow the form.",,,advanced,Texture Mapping|Materials|Rendering,visualise,surface|solid|mesh,,,,https://docs.mcneel.com/rhino/9/help/en-us/commands/applycustommapping.htm
,ApplyCylindricalMapping,Rhino,Render,"Projects a texture onto an object from a surrounding cylinder — the natural choice for columns, tubes, bottles and other rotationally shaped objects where a planar projection would smear.",,,intermediate,Texture Mapping|Materials|Rendering,visualise,surface|solid|mesh,,,,https://docs.mcneel.com/rhino/9/help/en-us/commands/applycylindricalmapping.htm
,ApplyMesh,Rhino,Mesh,Deforms a mesh drawn flat in the XY plane onto a target surface via the surface's UV space — the mesh equivalent of ApplyCrv. Useful for wrapping panelisation or relief patterns onto doubly curved surfaces.,,,advanced,Mesh|Surface|Wrap,create|transform,mesh|surface,,/rhino9-icons/applymesh.png,,https://docs.mcneel.com/rhino/9/help/en-us/commands/applymesh.htm
,ApplyMeshUVN,Rhino,Mesh,"Wraps a flat mesh onto a surface using UVN coordinates, where the mesh's height above the flat plane becomes an offset along the surface normal. This lets a flat relief pattern gain genuine depth when transferred to a curved surface.",,,advanced,Mesh|Surface|Wrap,create|transform,mesh|surface,offset,,,https://docs.mcneel.com/rhino/9/help/en-us/commands/applymeshuvn.htm
,ApplyPlanarMapping,Rhino,Render,"Projects a texture flat onto an object from a single plane. The simplest mapping type — right for facades, floors and other broadly flat geometry where you want direct control of texture direction and scale.",,,beginner,Texture Mapping|Materials|Rendering,visualise,surface|solid|mesh,,,,https://docs.mcneel.com/rhino/9/help/en-us/commands/applyplanarmapping.htm
,ApplySphericalMapping,Rhino,Render,"Wraps a texture around an object from an enclosing sphere. Suits domes, globes and rounded forms where cylindrical or planar projections would distort at the poles of the shape.",,,intermediate,Texture Mapping|Materials|Rendering,visualise,surface|solid|mesh,,,,https://docs.mcneel.com/rhino/9/help/en-us/commands/applysphericalmapping.htm
,ApplySurfaceMapping,Rhino,Render,"Uses a separate surface as the mapping object, so the texture follows that surface's UV flow rather than a simple projection. Powerful when you need a texture to track a sweeping, doubly curved form precisely.",,,advanced,Texture Mapping|Materials|Rendering,visualise,surface|solid|mesh,,,,https://docs.mcneel.com/rhino/9/help/en-us/commands/applysurfacemapping.htm
,Arc,Rhino,Curve,"Draws a circular arc from a centre, start and angle, with options for tangent and other constructions. Everyday tool for door swings, filleted corners drawn manually and curved wall segments.",,,beginner,Curve|Drawing|2D,create,curve,,/rhino9-icons/arc.png,,https://docs.mcneel.com/rhino/9/help/en-us/commandlist/command_list.htm
,Arc3Pt,Rhino,Curve,"Draws an arc through three picked points. Quick when you know where the arc starts, ends and passes, but not its centre or radius.",,,beginner,Curve|Drawing|2D,create,curve,,,,https://docs.mcneel.com/rhino/9/help/en-us/commandlist/command_list.htm
,ArcBlend,Rhino,Curve,Bridges two curves with a pair of tangent arcs you can adjust interactively. A quick alternative to BlendCrv when arc-based geometry is preferred for fabrication.,,,intermediate,Curve|Edit|Continuity,create|edit,curve,join,/rhino9-icons/arcblend.png,,https://docs.mcneel.com/rhino/9/help/en-us/commandlist/command_list.htm
,Area,Rhino,Analyze,"Calculates the area of closed curves, hatches, surfaces or meshes. Constantly used for schedules of accommodation and material take-offs.",,,beginner,Analyze|Measure|Quantities,analyse,curve|surface|mesh,measure,/rhino9-icons/area.png,,https://docs.mcneel.com/rhino/9/help/en-us/commandlist/command_list.htm
,AreaCentroid,Rhino,Analyze,Calculates area and marks the centroid with a point. Useful for balance points in structural sketches and for centring elements within outlines.,,,intermediate,Analyze|Measure|Quantities,analyse,curve|surface|point,measure,/rhino9-icons/areacentroid.png,,https://docs.mcneel.com/rhino/9/help/en-us/commandlist/command_list.htm
,AreaMoments,Rhino,Analyze,"Calculates area moments of inertia, centroid and related section properties for closed planar curves, hatches or surfaces. Structural-minded designers use it to check section stiffness properties of a profile before handing it to an engineer.",,,advanced,Analysis|Mass Properties|Structure,analyse,curve|surface,measure,/rhino9-icons/areamoments.png,,https://docs.mcneel.com/rhino/9/help/en-us/commands/areamoments.htm
,Array,Rhino,Transform,"Copies objects into a rectangular grid with set counts and spacing in X, Y and Z. The base tool for column grids, seating layouts and repeated bays.",,,beginner,Transform|Repeat|Grid,transform|create,curve|surface|solid|subd|mesh|point,array|copy,/rhino9-icons/array.png,,https://docs.mcneel.com/rhino/9/help/en-us/commandlist/command_list.htm
,ArrayCrv,Rhino,Transform,"Copies objects along a curve by count or spacing, optionally rotating them to follow it. Perfect for balustrades, ribs and streetlights along a curved route.",,,intermediate,Transform|Repeat|Path,transform|create,curve|surface|solid|subd|mesh|point,array|copy,/rhino9-icons/arraycrv.png,,https://docs.mcneel.com/rhino/9/help/en-us/commandlist/command_list.htm
,ArrayCrvOnSrf,Rhino,Transform,"Copies objects along a curve that lies on a surface, keeping each copy normal to the surface. Used for fixings or fins that must track a curved seam on a facade.",,,advanced,Transform|Repeat|Surface,transform|create,curve|surface|solid,array|copy,,,https://docs.mcneel.com/rhino/9/help/en-us/commandlist/command_list.htm
,ArrayHole,Rhino,Solid,Repeats an existing hole across a face in rows and columns. Efficient for perforated panels and fixing grids once one opening is placed.,,,intermediate,Solid|Edit|Holes,edit,solid,array|cut|copy,/rhino9-icons/arrayhole.png,,https://docs.mcneel.com/rhino/9/help/en-us/commandlist/command_list.htm
,ArrayHolePolar,Rhino,Solid,"Takes an existing hole in a planar surface and repeats it in a circular pattern around a centre point. Quicker than re-cutting: think bolt circles, perforated discs or radial ventilation patterns.",,,intermediate,Holes|Array|Solid Editing,edit|transform,solid|surface,array|cut,,,https://docs.mcneel.com/rhino/9/help/en-us/commands/arrayholepolar.htm
,ArrayLinear,Rhino,Transform,"Copies objects repeatedly along a single direction at even spacing. Quick for fence posts, joists and any one-directional rhythm.",,,beginner,Transform|Repeat|Linear,transform|create,curve|surface|solid|subd|mesh|point,array|copy,,,https://docs.mcneel.com/rhino/9/help/en-us/commandlist/command_list.htm
,ArrayPolar,Rhino,Transform,"Copies objects around a centre point through a set angle and count. The go-to for radial structures, stair balusters on a curve and circular seating.",,,beginner,Transform|Repeat|Radial,transform|create,curve|surface|solid|subd|mesh|point,array|copy|rotate,,,https://docs.mcneel.com/rhino/9/help/en-us/commandlist/command_list.htm
,ArraySrf,Rhino,Transform,"Copies an object across a surface in its U and V directions, orienting each copy to the surface normal. The manual panelisation tool for cladding studies and facade components.",,,intermediate,Transform|Repeat|Surface,transform|create,surface|solid|curve|mesh,array|copy,/rhino9-icons/arraysrf.png,,https://docs.mcneel.com/rhino/9/help/en-us/commandlist/command_list.htm
,Arrowhead,Rhino,Dimension,"Adds or removes an arrowhead at the end of a curve, turning plain curves into leader-like graphic arrows. Handy for annotating diagrams and presentation drawings without building full leader annotations.",,,beginner,Annotation|Curves|Presentation,document,curve|annotation,annotate,,,https://docs.mcneel.com/rhino/9/help/en-us/commands/arrowhead.htm
,AttachGHSData,Rhino,File,Attaches GHS (General HydroStatics) metadata to geometry so hull and compartment models can be exported for naval-architecture stability analysis. Specialist marine tooling — most designers will never need it.,,,advanced,Marine|Export|Metadata,document,surface|solid,,/rhino9-icons/attachghsdata.png,,https://docs.mcneel.com/rhino/9/help/en-us/commands/attachghsdata.htm
,Audit,Rhino,Tools,Checks the open model's database for errors and reports what it finds. Run with Purge and SaveSmall as a standard file hygiene routine.,,,intermediate,Tools|Diagnostics|File health,analyse|organise,,,/rhino9-icons/audit.png,,https://docs.mcneel.com/rhino/9/help/en-us/commandlist/command_list.htm
,Audit3dmFile,Rhino,File,"Reads a 3dm file from disk and reports its internal structure, tables and any damage, without fully opening it. The first diagnostic to run on a file that refuses to open or behaves strangely.",,,advanced,File|Diagnostics|Repair,analyse,,,,,https://docs.mcneel.com/rhino/9/help/en-us/commands/audit3dmfile.htm
,AutoAlignCPlane,Rhino,View,"Toggles automatic construction-plane alignment, so the CPlane snaps itself to the surface or object under your cursor as you work. Speeds up modelling on angled faces without constantly running CPlane commands by hand.",,,intermediate,CPlane|Modelling Aids,organise,view,,,,https://docs.mcneel.com/rhino/9/help/en-us/commands/autoaligncplane.htm
,AutoCPlane,Rhino,View,Automatically aligns the construction plane to whatever object or face you select. A Rhino 8 quality-of-life tool that removes constant manual CPlane setting when detailing angled geometry.,,,intermediate,View|CPlane|Automation,organise|edit,view,,,,https://docs.mcneel.com/rhino/9/help/en-us/commandlist/command_list.htm
,Autosave,Rhino,File,"Saves the current model to Rhino's autosave file immediately, on demand. A belt-and-braces save before attempting something risky, separate from your named file on disk.",,,beginner,File|Save|Safety,document,,,,,https://docs.mcneel.com/rhino/9/help/en-us/commands/autosave.htm
,BackgroundBitmap,Rhino,View,"Places, scales and manages a reference image behind the geometry in a single viewport — the traditional way to trace over a scanned sketch, plan or photograph. Largely superseded by Picture objects, but still useful for per-viewport tracing.",,,beginner,Image|Reference|Tracing,visualise|organise,view,,/rhino9-icons/backgroundbitmap.png,,https://docs.mcneel.com/rhino/9/help/en-us/commands/backgroundbitmap.htm
,Bake,Rhino,Render,"Converts procedural textures on an object's material into ordinary bitmap textures. Run it before exporting to software that cannot evaluate Rhino's procedural noise, gradient or tile textures.",,,advanced,Rendering|Textures|Export,visualise|document,mesh|surface|solid,,,,https://docs.mcneel.com/rhino/9/help/en-us/commands/bake.htm
,BatchRenderNamedViews,Rhino,Render,"Renders every (or a chosen set of) named views one after another and saves the images to disk. Set up your camera angles as named views, start the batch, and come back to a full set of presentation renders.",,,intermediate,Rendering|Named Views|Automation,visualise|document,view,,,,https://docs.mcneel.com/rhino/9/help/en-us/commands/batchrendernamedviews.htm
,Bend,Rhino,Transform,"Bends objects along a spine between two points, with control over the arc. Useful for curving straight elements like trusses or louvres through an angle.",,,intermediate,Transform|Deform,transform|edit,curve|surface|solid|subd|mesh,,/rhino9-icons/bend.png,,https://docs.mcneel.com/rhino/9/help/en-us/commandlist/command_list.htm
,Bevel,Rhino,SubD,"Replaces selected SubD edges or vertices with narrow face strips, hardening the corner while staying smooth. The SubD equivalent of a fillet for controlling edge tightness.",,,intermediate,SubD|Edit|Edges,edit,subd,smooth,/rhino9-icons/bevel_mesh.png,,https://docs.mcneel.com/rhino/9/help/en-us/commandlist/command_list.htm
,BlendCrv,Rhino,Curve,"Creates an adjustable smooth connecting curve between two curve ends, with control over continuity up to curvature and beyond. Reach for it when a plain fillet looks too mechanical.",,,intermediate,Curve|Edit|Continuity,create|edit,curve,join|smooth,/rhino9-icons/blendcrv.png,,https://docs.mcneel.com/rhino/9/help/en-us/commandlist/command_list.htm
,BlendEdge,Rhino,Solid,"Rounds solid edges with a curvature-continuous blend rather than a plain circular fillet. Chosen when reflections must flow uninterrupted across an edge, as on visible ceiling or furniture pieces.",,,advanced,Solid|Edit|Corner,edit,solid,smooth,/rhino9-icons/blendedge_rt.png,,https://docs.mcneel.com/rhino/9/help/en-us/commandlist/command_list.htm
,BlendSrf,Rhino,Surface,Creates a smooth transition surface between two surface edges with adjustable continuity and shape handles. The refined option for junctions where FilletSrf feels too rigid.,,,advanced,Surface|Edit|Continuity,create|edit,surface,join|smooth,/rhino9-icons/blendsrf.png,,https://docs.mcneel.com/rhino/9/help/en-us/commandlist/command_list.htm
,Block,Rhino,Edit,"Defines selected geometry as a named block so copies insert as lightweight linked instances. Editing the definition updates every instance, ideal for repeated windows, furniture and units.",,,intermediate,Edit|Blocks|Organisation,organise|create,curve|surface|solid|mesh,,/rhino9-icons/block.png,,https://docs.mcneel.com/rhino/9/help/en-us/commandlist/command_list.htm
,BlockEdit,Rhino,Edit,"Opens a block definition for editing in place, with surrounding context shown. Changes propagate to every instance on exit, keeping repeated elements consistent.",,,intermediate,Edit|Blocks|Management,organise|edit,curve|surface|solid|mesh,,,,https://docs.mcneel.com/rhino/9/help/en-us/commandlist/command_list.htm
,BlockManager,Rhino,Edit,"Lists every block definition in the file with counts, links and update controls. The housekeeping hub for models built on components and externally referenced files.",,,intermediate,Edit|Blocks|Management,organise,curve|surface|solid|mesh,,,,https://docs.mcneel.com/rhino/9/help/en-us/commandlist/command_list.htm
,Boolean2Objects,Rhino,Solid,Cycles interactively through all boolean outcomes of two objects until you see the one you want. A forgiving way to run booleans without remembering which operand order to pick.,,,beginner,Solid|Boolean|Interactive,edit,solid,cut|join,,,https://docs.mcneel.com/rhino/9/help/en-us/commandlist/command_list.htm
,BooleanDifference,Rhino,Solid,"Subtracts one set of solids from another, cutting openings and voids. Constantly used for door and window openings, service penetrations and courtyard cuts.",,,beginner,Solid|Boolean|Subtract,edit,solid,cut,,,https://docs.mcneel.com/rhino/9/help/en-us/commandlist/command_list.htm
,BooleanIntersection,Rhino,Solid,"Keeps only the volume shared by two sets of solids. Useful for finding overlap zones, clash volumes and sculpting forms from intersecting masses.",,,beginner,Solid|Boolean|Intersect,edit,solid,cut,,,https://docs.mcneel.com/rhino/9/help/en-us/commandlist/command_list.htm
,BooleanSplit,Rhino,Solid,"Splits solids into separate closed pieces along their shared intersections, keeping everything. Great for dividing a massing model into phases or storeys while retaining all parts.",,,intermediate,Solid|Boolean|Split,edit,solid,split|cut,,,https://docs.mcneel.com/rhino/9/help/en-us/commandlist/command_list.htm
,BooleanUnion,Rhino,Solid,"Merges overlapping solids into one, removing internal walls. The standard way to consolidate massing elements into a single clean volume.",,,beginner,Solid|Boolean|Combine,edit,solid,join,/rhino9-icons/booleanunion.png,,https://docs.mcneel.com/rhino/9/help/en-us/commandlist/command_list.htm
,Boss,Rhino,Solid,"Extrudes closed planar profile curves up to a surface on a solid and unions the result, creating a raised boss feature in one step. A quick way to add pads and protrusions to a part without manual extrusion and boolean work.",,,intermediate,Solid|Feature|Boolean,create|edit,solid|curve,join|thicken,/rhino9-icons/boss.png,,https://docs.mcneel.com/rhino/9/help/en-us/commands/boss.htm
,Bounce,Rhino,Curve,"Fires a ray from a start point and direction, reflecting it off surfaces a set number of times to produce a polyline of the bounce path. Useful for quick acoustic or daylight reflection studies inside a space.",,,advanced,Ray|Analysis|Acoustics,create|analyse,curve|surface,,/rhino9-icons/bounce.png,,https://docs.mcneel.com/rhino/9/help/en-us/commands/bounce.htm
,BoundingBox,Rhino,Analyze,"Draws the smallest world- or CPlane-aligned box enclosing the selection. Handy for overall envelope dimensions, crate sizing and stock material checks.",,,beginner,Analyze|Measure|Envelope,analyse|create,curve|surface|solid|mesh,measure,/rhino9-icons/boundingbox.png,,https://docs.mcneel.com/rhino/9/help/en-us/commandlist/command_list.htm
,Box,Rhino,Solid,Creates a rectangular solid box from corners or centre. The first tool most designers reach for in massing studies and quick spatial blocking.,,,beginner,Solid|Create|Primitive,create,solid,,/rhino9-icons/box.png,,https://docs.mcneel.com/rhino/9/help/en-us/commandlist/command_list.htm
,BoxEdit,Rhino,Transform,"Opens a panel for numerically transforming objects via their bounding box — exact position, size and rotation typed in rather than dragged. Invaluable when objects must be a precise overall dimension or sit at exact coordinates.",,,intermediate,Transform|Numeric|Panel,transform|edit,curve|surface|solid|mesh|subd,move|scale|rotate,/rhino9-icons/boxedit.png,,https://docs.mcneel.com/rhino/9/help/en-us/commands/boxedit.htm
,Bridge,Rhino,SubD,"Connects two SubD or mesh face groups or edge loops with a smooth linking tunnel. Used to join limbs, create handles and punch connected openings through sculpted forms.",,,intermediate,SubD|Edit|Connect,edit,subd|mesh,join,/rhino9-icons/bridge.png,,https://docs.mcneel.com/rhino/9/help/en-us/commandlist/command_list.htm
,BringForward,Rhino,Edit,"Moves a curve, hatch or other 2D element one step up in the draw order, so it displays in front of the object it was behind. Part of the draw-order tools used to compose layered 2D drawings.",,,beginner,Draw Order|2D|Display,organise|visualise,curve|annotation,,,,https://docs.mcneel.com/rhino/9/help/en-us/commands/bringforward.htm
,BringToFront,Rhino,Edit,"Puts the selected curves, hatches or annotations at the very top of the draw order so they display in front of everything else. Essential when composing 2D drawings where hatches keep hiding your linework.",,,beginner,Draw Order|2D|Display,organise|visualise,curve|annotation,,,,https://docs.mcneel.com/rhino/9/help/en-us/commands/bringtofront.htm
,BringViewportToTop,Rhino,View,"Makes a named viewport the active, frontmost one — mostly useful in scripts and button macros that need to guarantee which viewport subsequent commands act on.",,,advanced,Viewport|Scripting,organise,view,navigate,,,https://docs.mcneel.com/rhino/9/help/en-us/commands/bringviewporttotop.htm
,Cage,Rhino,Transform,"Creates a standalone box, line or surface cage object for later use with CageEdit. Set up once, then reuse across multiple deformation studies.",,,advanced,Transform|Deform|Cage,create,curve|surface|solid,,,,https://docs.mcneel.com/rhino/9/help/en-us/commandlist/command_list.htm
,CageEdit,Rhino,Transform,Surrounds objects with a low-point control cage and deforms them by moving its points. The heavyweight freeform editor for reshaping whole buildings or complex assemblies smoothly.,,,advanced,Transform|Deform|Cage,transform|edit,curve|surface|solid|subd|mesh,move|smooth,/rhino9-icons/cageedit.png,,https://docs.mcneel.com/rhino/9/help/en-us/commandlist/command_list.htm
,Calc,Rhino,Tools,Pops up an on-screen calculator whose result can be fed straight into the command line. Saves reaching for a separate calculator when a dimension needs working out mid-command.,,,beginner,Utility|Calculator,analyse,,,/rhino9-icons/calc.png,,https://docs.mcneel.com/rhino/9/help/en-us/commands/calc.htm
,CalcRPN,Rhino,Tools,"Opens a Reverse Polish Notation calculator, for those who prefer HP-style stack entry, with results usable directly in the command line. Same job as Calc, different keystroke philosophy.",,,beginner,Utility|Calculator,analyse,,,,,https://docs.mcneel.com/rhino/9/help/en-us/commands/calcrpn.htm
,Camera,Rhino,View,"Shows or hides the active view's camera widget so its position, target and lens can be manipulated as objects. Used to fine-tune verified views and match photographs.",,,intermediate,View|Camera,visualise,view,navigate,,,https://docs.mcneel.com/rhino/9/help/en-us/commandlist/command_list.htm
,Cancel,Rhino,Tools,"Cancels the running command, exactly like pressing Escape. Exists mainly so button macros and scripts can bail out of whatever state Rhino is in before starting fresh.",,,beginner,System|Scripting,organise,,,/rhino9-icons/cancel.png,,https://docs.mcneel.com/rhino/9/help/en-us/commands/cancel.htm
,Cap,Rhino,Solid,"Closes planar openings in a surface or polysurface with flat faces, making it a closed solid. The usual fix after extruding or trimming leaves an open top or bottom.",,,beginner,Solid|Edit|Close,edit,solid|surface,join,/rhino9-icons/cap.png,,https://docs.mcneel.com/rhino/9/help/en-us/commandlist/command_list.htm
,Catenary,Rhino,Curve,"Draws a true catenary — the curve a chain takes hanging under its own weight — between two points, with control over length or sag. A gift for architects working on hanging chains, arches, tents and gridshell form-finding sketches.",,,intermediate,Curve|Structure|Form-finding,create,curve,,/rhino9-icons/catenary.png,,https://docs.mcneel.com/rhino/9/help/en-us/commands/catenary.htm
,Centermark,Rhino,Dimension,Places a centre cross on an arc or circle. Small but essential drafting mark for setting out circular elements.,,,beginner,Dimension|Annotation|Drafting,document,annotation,annotate,,,https://docs.mcneel.com/rhino/9/help/en-us/commandlist/command_list.htm
,Chamfer,Rhino,Curve,"Connects two curves with an angled straight segment at set distances, trimming them to suit. Used for bevelled corners on frames, plates and joinery profiles.",,,beginner,Curve|Edit|Corner,edit,curve,cut|join,/rhino9-icons/chamfer.png,,https://docs.mcneel.com/rhino/9/help/en-us/commandlist/command_list.htm
,ChamferEdge,Rhino,Solid,"Bevels selected solid edges with a flat strip at set distances. Used for arris details, machined looks and edge easing on precast elements.",,,intermediate,Solid|Edit|Corner,edit,solid,cut,/rhino9-icons/chamferedge.png,,https://docs.mcneel.com/rhino/9/help/en-us/commandlist/command_list.htm
,ChamferSrf,Rhino,Surface,"Connects two surfaces with a flat angled strip at set distances, trimming both back. Suits bevelled edges on plinths, frames and machined-looking details.",,,intermediate,Surface|Edit|Corner,edit,surface,cut|join,/rhino9-icons/chamfersrf.png,,https://docs.mcneel.com/rhino/9/help/en-us/commandlist/command_list.htm
,ChangeDegree,Rhino,Edit,"Raises or lowers the polynomial degree of a curve or surface, adding or reducing flexibility. Used when geometry needs more subtle shaping or simpler structure for matching.",,,advanced,Edit|Rebuild|NURBS,edit,curve|surface,,/rhino9-icons/changedegree.png,,https://docs.mcneel.com/rhino/9/help/en-us/commandlist/command_list.htm
,ChangeLayer,Rhino,Edit,Moves selected objects onto a different layer chosen from a list. Quicker than the properties panel for bulk re-layering during clean-ups.,,,beginner,Edit|Layers|Organisation,organise,layer|curve|surface|solid|mesh,move,,,https://docs.mcneel.com/rhino/9/help/en-us/commandlist/command_list.htm
,ChangeSpace,Rhino,Edit,"Moves objects between model space and a layout's paper space (or between layouts), converting their geometry to suit the destination. Useful when notes or drawing graphics were made in the wrong space.",,,advanced,Layout|Paper Space|Drafting,organise|document,layout|annotation|curve,move,,,https://docs.mcneel.com/rhino/9/help/en-us/commands/changespace.htm
,ChangeToCurrentLayer,Rhino,Edit,"Moves the selected objects onto whichever layer is current. One of the fastest layer-tidying moves: set the layer you want, select strays, run the command.",,,beginner,Layers|Organisation,organise,layer,move,,,https://docs.mcneel.com/rhino/9/help/en-us/commands/changetocurrentlayer.htm
,Check,Rhino,Analyze,"Tests selected objects for internal errors and reports whether they are valid. Routine health check before booleans, exports and file handovers.",,,intermediate,Analyze|Diagnostics,analyse,curve|surface|solid|mesh,,/rhino9-icons/check.png,,https://docs.mcneel.com/rhino/9/help/en-us/commandlist/command_list.htm
,CheckInLicense,Rhino,Tools,Returns a checked-out Rhino licence to the team's licence server (Zoo or Cloud Zoo) so someone else can use it. Pair of CheckOutLicense for laptop users who roam between office and site.,,,beginner,Licence|Administration,organise,,,,,https://docs.mcneel.com/rhino/9/help/en-us/commands/checkinlicense.htm
,CheckNewObjects,Rhino,Analyze,"Toggles automatic checking of every newly created or imported object for geometry errors, warning the moment a bad object appears. Slower, but invaluable for tracing exactly which operation is producing invalid geometry.",,,advanced,Diagnostics|Geometry Repair,analyse,,,,,https://docs.mcneel.com/rhino/9/help/en-us/commands/checknewobjects.htm
,CheckOutLicense,Rhino,Tools,"Borrows a licence from the team's licence server so Rhino keeps working while you are offline — on site, on a plane, at home. Check it back in when you return so colleagues aren't locked out.",,,beginner,Licence|Administration,organise,,,,,https://docs.mcneel.com/rhino/9/help/en-us/commands/checkoutlicense.htm
,Circle,Rhino,Curve,"Draws a circle from centre and radius, with vertical, tangent and other placement options. Fundamental for columns, service penetrations and construction geometry.",,,beginner,Curve|Drawing|2D,create,curve,,/rhino9-icons/circle.png,,https://docs.mcneel.com/rhino/9/help/en-us/commandlist/command_list.htm
,Circle3Pt,Rhino,Curve,Draws a circle through three picked points. Useful for reconstructing circles from surveyed or traced positions where the centre is unknown.,,,beginner,Curve|Drawing|2D,create,curve,,,,https://docs.mcneel.com/rhino/9/help/en-us/commandlist/command_list.htm
,Clash,Rhino,Analyze,"Runs clash detection between two sets of objects, reporting where they intersect or come within a given clearance. Architects use it to check services against structure, or a design against a site constraint envelope.",,,advanced,Clash Detection|Coordination|Analysis,analyse,solid|surface|mesh,measure,/rhino9-icons/clash.png,,https://docs.mcneel.com/rhino/9/help/en-us/commands/clash.htm
,ClearAllMeshes,Rhino,File,"Deletes the render and analysis meshes cached in the file for all surfaces and solids, often shrinking the file dramatically before saving or sending. The meshes regenerate automatically next time a shaded view needs them.",,,intermediate,File Size|Render Mesh|Housekeeping,organise,mesh,,/rhino9-icons/clearallmeshes.png,,https://docs.mcneel.com/rhino/9/help/en-us/commands/clearallmeshes.htm
,ClearAllObjectDisplayModes,Rhino,View,"Removes every per-object display-mode override in the model, returning all objects to the viewport's own display mode. The quick undo for a model peppered with SetObjectDisplayMode experiments.",,,intermediate,Display|Housekeeping,visualise|organise,view,,,,https://docs.mcneel.com/rhino/9/help/en-us/commands/clearallobjectdisplaymodes.htm
,ClearAnalysisMeshes,Rhino,Analyze,"Deletes the extra-fine meshes created for curvature, draft-angle and similar visual analyses. Frees memory and file size once you have finished analysing.",,,intermediate,Analysis|Mesh|Housekeeping,organise,mesh,,,,https://docs.mcneel.com/rhino/9/help/en-us/commands/clearanalysismeshes.htm
,ClearDrawOrder,Rhino,Edit,"Resets the draw order of selected 2D elements back to the default, discarding any BringToFront and SendToBack arrangements. Use it when a drawing's stacking has become impossible to reason about.",,,beginner,Draw Order|2D|Housekeeping,organise,curve|annotation,,,,https://docs.mcneel.com/rhino/9/help/en-us/commands/cleardraworder.htm
,ClearUndo,Rhino,Edit,"Empties the undo buffer, releasing the memory it holds. Worth running after huge operations on big models when Rhino is getting sluggish — but be certain you no longer need to undo anything.",,,intermediate,Memory|System|Housekeeping,organise,,,/rhino9-icons/clearundo.png,,https://docs.mcneel.com/rhino/9/help/en-us/commands/clearundo.htm
,ClippingPlane,Rhino,View,"Places a plane that cuts the viewport display away on one side, revealing a live section. Invaluable for working inside buildings and presenting sectional 3D views.",,,intermediate,View|Section|Display,visualise|document,view,cut,/rhino9-icons/clippingplane.png,,https://docs.mcneel.com/rhino/9/help/en-us/commandlist/command_list.htm
,CloseCrv,Rhino,Curve,Closes an open curve either with a straight segment or by adjusting the curve to meet itself. Needed before extruding or building planar surfaces that require closed boundaries.,,,beginner,Curve|Edit|Clean-up,edit,curve,join,/rhino9-icons/closecrv.png,,https://docs.mcneel.com/rhino/9/help/en-us/commandlist/command_list.htm
,CloseRenderWindow,Rhino,Render,Closes the render window. Exists mostly so scripts and batch workflows can tidy up after saving a render.,,,beginner,Rendering|Window,organise,,,,,https://docs.mcneel.com/rhino/9/help/en-us/commands/closerenderwindow.htm
,ClosestPt,Rhino,Analyze,"Finds and marks the closest point on an object from a test point, or the closest points between objects. Useful for measuring minimum clearances and for locating exact contact points before dimensioning.",,,intermediate,Analysis|Points|Measurement,analyse,point|curve|surface|mesh,measure,/rhino9-icons/closestpt.png,,https://docs.mcneel.com/rhino/9/help/en-us/commands/closestpt.htm
,CloseViewport,Rhino,View,"Closes the active viewport, removing it from the layout of views. Used with NewViewport and floating viewports to customise the workspace.",,,beginner,Viewport|Workspace,organise,view,,,,https://docs.mcneel.com/rhino/9/help/en-us/commands/closeviewport.htm
,CollapseMeshEdge,Rhino,Mesh,"Collapses a mesh edge to a single vertex, merging its two end vertices and removing the faces that depended on it. A precise, surgical tool for reducing or repairing meshes one edge at a time.",,,advanced,Mesh|Repair|Reduce,edit,mesh,join,/rhino9-icons/collapsemeshedge.png,,https://docs.mcneel.com/rhino/9/help/en-us/commands/collapsemeshedge.htm
,CollapseMeshFace,Rhino,Mesh,"Collapses a whole mesh face down to a single vertex, welding its corners together. Useful for eliminating awkward slivers and pinch points during manual mesh repair.",,,advanced,Mesh|Repair|Reduce,edit,mesh,join,/rhino9-icons/collapsemeshface.png,,https://docs.mcneel.com/rhino/9/help/en-us/commands/collapsemeshface_commands.htm
,CollapseMeshFacesByArea,Rhino,Mesh,"Collapses every mesh face whose area falls below (or within) a threshold you set, removing insignificant faces in one pass. A batch clean-up for scan data and imported meshes littered with tiny faces.",,,advanced,Mesh|Repair|Reduce,edit,mesh,join,,,https://docs.mcneel.com/rhino/9/help/en-us/commands/collapsemeshfacesbyarea.htm
,CollapseMeshFacesByAspectRatio,Rhino,Mesh,"Collapses mesh faces whose aspect ratio exceeds a threshold — the long, thin slivers that cause shading artefacts and break downstream tools. Batch companion to the one-at-a-time collapse commands.",,,advanced,Mesh|Repair|Reduce,edit,mesh,join,,,https://docs.mcneel.com/rhino/9/help/en-us/commands/collapsemeshfacesbyaspectratio.htm
,CollapseMeshFacesByEdgeLength,Rhino,Mesh,Collapses mesh faces that have edges shorter (or longer) than a length you specify. Another of the criteria-based batch tools for thinning out problem faces in heavy or messy meshes.,,,advanced,Mesh|Repair|Reduce,edit,mesh,join,,,https://docs.mcneel.com/rhino/9/help/en-us/commands/collapsemeshfacesbyedgelength.htm
,CollapseMeshVertex,Rhino,Mesh,"Merges a chosen mesh vertex into an adjacent one, removing the edge between them. The finest-grained of the collapse tools for hand-editing mesh topology.",,,advanced,Mesh|Repair|Reduce,edit,mesh,join,/rhino9-icons/collapsemeshvertex.png,,https://docs.mcneel.com/rhino/9/help/en-us/commands/collapsemeshvertex.htm
,CommandHelp,Rhino,Tools,"Opens the help panel showing documentation for whichever command is running or last ran, updating as you work. Keep it docked while learning and Rhino effectively narrates itself.",,,beginner,Help|Learning,document,,,,,https://docs.mcneel.com/rhino/9/help/en-us/commands/commandhelp.htm
,CommandHistory,Rhino,Tools,Opens the scrolling log of recent commands and their reported results. Where you retrieve measurement outputs and diagnose what a command actually did.,F2,,beginner,Tools|History|Diagnostics,analyse|organise,,,,,https://docs.mcneel.com/rhino/9/help/en-us/commandlist/command_list.htm
,CommandList,Rhino,Tools,"Displays a browsable list of every command available in this Rhino installation, including those added by plug-ins. A good way to discover tools you did not know existed.",,,beginner,Help|Reference,document,,,,,https://docs.mcneel.com/rhino/9/help/en-us/commands/commandlist.htm
,CommandPrompt,Rhino,Tools,"Controls where the command prompt lives — shown, hidden, docked top or bottom, or floating. Purely a workspace preference, but a vital one to know when the prompt vanishes.",,,beginner,Interface|Workspace,organise,,,,,https://docs.mcneel.com/rhino/9/help/en-us/commands/commandprompt.htm
,ComputeVertexColors,Rhino,Mesh,"Evaluates the texture applied to a mesh and stores the resulting colours directly on the mesh's vertices. Used to carry colour into formats and workflows (3D printing, some viewers) that support vertex colour but not textures.",,,advanced,Mesh|Colour|Textures,edit|visualise,mesh,,,,https://docs.mcneel.com/rhino/9/help/en-us/commands/computevertexcolors.htm
,Cone,Rhino,Solid,"Creates a solid cone from a base and apex. Useful for roof forms, funnels and transitional volumes.",,,beginner,Solid|Create|Primitive,create,solid,,/rhino9-icons/cone.png,,https://docs.mcneel.com/rhino/9/help/en-us/commandlist/command_list.htm
,Conic,Rhino,Curve,"Draws a conic section curve controlled by end points, a shoulder and a rho value. Valued in industrial and facade design for tight, mathematically clean transition curves.",,,advanced,Curve|Precision|Conic,create,curve,,/rhino9-icons/conic.png,,https://docs.mcneel.com/rhino/9/help/en-us/commandlist/command_list.htm
,Connect,Rhino,Curve,Extends or trims two curves so their ends meet exactly. Fast tidy-up for drafting where lines overshoot or fall short of a corner.,,,beginner,Curve|Edit|Clean-up,edit,curve,cut|join,/rhino9-icons/connect.png,,https://docs.mcneel.com/rhino/9/help/en-us/commandlist/command_list.htm
,ConnectSrf,Rhino,Surface,Extends and/or trims two surfaces so their edges meet cleanly along a shared boundary — the surface counterpart of Connect for curves. Saves the extend-intersect-trim dance when squaring up construction surfaces.,,,intermediate,Surface|Editing|Trim,edit,surface,cut|join,,,https://docs.mcneel.com/rhino/9/help/en-us/commands/connectsrf.htm
,ContinueCurve,Rhino,Curve,"Picks up an existing control-point curve at its end and lets you keep placing control points as if you had never stopped. Better than drawing a new curve and joining, because the result stays one smooth curve.",,,intermediate,Curve|Editing,create|edit,curve,,/rhino9-icons/continuecurve.png,,https://docs.mcneel.com/rhino/9/help/en-us/commands/continuecurve.htm
,ContinueInterpCrv,Rhino,Curve,"Continues an existing interpolated curve by adding further through-points from its end. The interpolated-curve twin of ContinueCurve, keeping the extended result a single clean curve.",,,intermediate,Curve|Editing,create|edit,curve,,,,https://docs.mcneel.com/rhino/9/help/en-us/commands/continueinterpcrv.htm
,Contour,Rhino,Curve,"Cuts a stack of evenly spaced section curves through objects along an axis. The classic tool for site contours, waffle structures and laser-cut sectional models.",,,intermediate,Curve|From objects|Sections,create|document|analyse,curve|surface|solid|mesh,cut|array,/rhino9-icons/contour.png,,https://docs.mcneel.com/rhino/9/help/en-us/commandlist/command_list.htm
,Convert,Rhino,Curve,"Rebuilds curves as sequences of lines and arcs (or polylines) within a tolerance. Essential preparation for CNC cutting, laser profiles and export to software that only understands arcs and lines.",,,intermediate,Curve|Fabrication|Conversion,edit,curve,,/rhino9-icons/convert_arcs.png,,https://docs.mcneel.com/rhino/9/help/en-us/commands/convert.htm
,ConvertDots,Rhino,Dimension,Turns annotation dots into text objects or point objects (and can carry the dot text across). Useful when survey or coordination data arrives as dots but you need editable text or plain points.,,,beginner,Annotation|Conversion,edit|document,annotation|point,,,,https://docs.mcneel.com/rhino/9/help/en-us/commands/convertdots.htm
,ConvertExtrusion,Rhino,Solid,Converts lightweight extrusion objects into ordinary surfaces and polysurfaces so their full editing toolset becomes available. Run it when a command refuses to work on what looks like a normal box or cylinder.,,,intermediate,Extrusion|Conversion|Solid,edit,solid|surface,,,,https://docs.mcneel.com/rhino/9/help/en-us/commands/convertextrusion.htm
,ConvertTextToBlockAttribute,Rhino,Edit,"Converts a text object inside a block into an attribute, so each instance of the block can display its own value — think room tags, door numbers, titleblock fields. Key to building data-aware blocks.",,,advanced,Blocks|Attributes|Annotation,edit|document,annotation,annotate,/rhino9-icons/converttexttoblockattribute.png,,https://docs.mcneel.com/rhino/9/help/en-us/commands/converttexttoblockattribute.htm
,ConvertToBeziers,Rhino,Curve,"Splits curves and surfaces into their constituent single-span Bezier pieces. Occasionally needed for export to systems that only accept Bezier geometry, or for low-level surface analysis.",,,advanced,Curve|Surface|Conversion,edit,curve|surface,split,,,https://docs.mcneel.com/rhino/9/help/en-us/commands/converttobeziers.htm
,Copy,Rhino,Transform,Duplicates objects from a base point to one or more target points. The everyday tool for repeating elements around a drawing with precision.,,,beginner,Transform|Duplicate,transform|create,curve|surface|solid|subd|mesh|point,copy|move,/rhino9-icons/copy.png,,https://docs.mcneel.com/rhino/9/help/en-us/commandlist/command_list.htm
,CopyCPlaneSettingsToAll,Rhino,View,"Copies the active viewport's construction-plane settings — grid spacing, snap, extents — to every other viewport. Keeps the workspace consistent after tuning one viewport's grid.",,,intermediate,CPlane|Grid|Workspace,organise,view,,,,https://docs.mcneel.com/rhino/9/help/en-us/commands/copycplanesettingstoall.htm
,CopyCPlaneToAll,Rhino,View,"Applies the active viewport's construction plane to all viewports at once. Useful when working on an angled datum — set the CPlane once, and every view shares it.",,,intermediate,CPlane|Workspace,organise,view,,,,https://docs.mcneel.com/rhino/9/help/en-us/commands/copycplanetoall.htm
,CopyDetailToViewport,Rhino,View,"Copies the camera and view settings of a layout detail into a model-space viewport, so you can model from exactly the view a drawing shows. The reverse of CopyViewportToDetail.",,,intermediate,Layout|Detail|Viewport,organise|document,layout|view,copy|navigate,,,https://docs.mcneel.com/rhino/9/help/en-us/commands/copydetailtoviewport.htm
,CopyHole,Rhino,Solid,Copies an existing hole in a planar surface to new locations on the same or another planar face. Much faster than re-drawing profiles and re-cutting when a fixing pattern repeats.,,,intermediate,Holes|Solid Editing,edit,solid|surface,copy|cut,/rhino9-icons/copyhole_rt.png,,https://docs.mcneel.com/rhino/9/help/en-us/commands/copyhole.htm
,CopyLayout,Rhino,View,"Duplicates an entire layout page, including its details and title-block graphics. The quickest way to build a drawing set where every sheet shares the same setup.",,,intermediate,Layout|Drafting|Sheets,document|organise,layout,copy,,,https://docs.mcneel.com/rhino/9/help/en-us/commands/copylayout.htm
,CopyRenderWindowToClipboard,Rhino,Render,"Copies the current render window image to the system clipboard, ready to paste into an email, document or image editor. Handy for quick design-review snapshots without saving files.",,,beginner,Rendering|Clipboard|Image,document|visualise,,copy,,,https://docs.mcneel.com/rhino/9/help/en-us/commands/copyrenderwindowtoclipboard.htm
,CopyToClipboard,Rhino,Edit,"Copies the selection to the clipboard without removing it, ready to paste in place or into another file. The quickest way to shuttle geometry between open models.",Ctrl+C,,beginner,Edit|Clipboard,edit|organise,curve|surface|solid|subd|mesh|point|annotation,copy,,,https://docs.mcneel.com/rhino/9/help/en-us/commandlist/command_list.htm
,CopyToLayer,Rhino,Edit,"Copies the selected objects onto another layer, leaving the originals where they are. Ideal for creating option studies or a frozen record copy while continuing to work on the live version.",,,beginner,Layers|Organisation,organise,layer,copy,,,https://docs.mcneel.com/rhino/9/help/en-us/commands/copytolayer.htm
,CopyViewportToDetail,Rhino,View,"Creates a layout detail whose camera matches the current model-space viewport. Set up the perfect view while modelling, then drop it straight onto a sheet.",,,intermediate,Layout|Detail|Viewport,document|organise,layout|view,copy,,,https://docs.mcneel.com/rhino/9/help/en-us/commands/copyviewporttodetail.htm
,CPlane,Rhino,View,"Redefines the construction plane by origin, three points, object or view. Mastering CPlanes is the key to drawing accurately on sloped roofs and angled facades.",,,intermediate,View|CPlane|Precision,organise|edit,view,,/rhino9-icons/cplane.png,,https://docs.mcneel.com/rhino/9/help/en-us/commandlist/command_list.htm
,Crease,Rhino,SubD,Makes selected SubD edges or vertices perfectly sharp while the rest stays smooth. Essential for mixing crisp architectural arrises into otherwise soft forms.,,,intermediate,SubD|Edit|Edges,edit,subd,,/rhino9-icons/crease.png,,https://docs.mcneel.com/rhino/9/help/en-us/commandlist/command_list.htm
,CreaseSplitting,Rhino,Surface,"Toggles whether Rhino splits surfaces at kinks (creases) as they are created, or leaves them as single creased surfaces. Advanced modellers switch it off for specific workflows, but split-at-crease is the safer default.",,,advanced,Surface|Creases|Settings,edit|organise,surface,split,,,https://docs.mcneel.com/rhino/9/help/en-us/commands/creasesplitting.htm
,CreateSolid,Rhino,Solid,"Builds closed solids from a set of intersecting surfaces that enclose volumes. Useful late in a workflow when separate walls, roofs and cuts need consolidating into watertight bodies.",,,intermediate,Solid|Create|Combine,create|edit,solid|surface,join,/rhino9-icons/createsolid.png,,https://docs.mcneel.com/rhino/9/help/en-us/commandlist/command_list.htm
,CreateUniqueBlock,Rhino,Edit,"Turns the selected block instance into a new, independent block definition, so edits to it no longer affect its siblings. The escape hatch when one repeated element needs to diverge from the rest.",,,intermediate,Blocks|Editing,edit|organise,,copy,,,https://docs.mcneel.com/rhino/9/help/en-us/commands/createuniqueblock.htm
,CreateUVCrv,Rhino,Curve,Lays out a surface's border and trim curves flat in world XY according to its UV parameter space. The first step for designing perforation or graphic patterns that will be flowed back onto the surface.,,,advanced,Curve|Surface|Unwrapping,create|document,curve|surface,,/rhino9-icons/createuvcrv.png,,https://docs.mcneel.com/rhino/9/help/en-us/commandlist/command_list.htm
,Crv2View,Rhino,Curve,"Builds a 3D curve from two planar curves drawn in different views, combining the shape seen in one view with the shape seen in the other. Classic technique for modelling handles, hulls and rails defined by plan and elevation profiles.",,,advanced,Curve|3D Construction,create,curve,,/rhino9-icons/crv2view.png,,https://docs.mcneel.com/rhino/9/help/en-us/commands/crv2view.htm
,CrvDeviation,Rhino,Analyze,Reports the minimum and maximum distance between two curves. Useful for checking a simplified curve against its source or clearances between routes.,,,advanced,Analyze|Deviation|Quality,analyse,curve,measure,/rhino9-icons/crvdeviation.png,,https://docs.mcneel.com/rhino/9/help/en-us/commandlist/command_list.htm
,CrvEnd,Rhino,Curve,"Places a point object at the end of each selected curve. Useful for marking connection points, checking curve direction, or generating snap targets for later operations.",,,beginner,Curve|Points,create|analyse,curve|point,,,,https://docs.mcneel.com/rhino/9/help/en-us/commands/crvend.htm
,CrvSeam,Rhino,Curve,Moves the seam point of a closed curve to a new position along it. Fixes twisting in lofts and sweeps caused by mismatched seam locations between profiles.,,,intermediate,Curve|Edit|Seam,edit,curve,,/rhino9-icons/crvseam.png,,https://docs.mcneel.com/rhino/9/help/en-us/commandlist/command_list.htm
,CrvStart,Rhino,Curve,"Places a point object at the start of each selected curve. A quick visual check of which way curves run — important before lofting, sweeping or flow operations.",,,beginner,Curve|Points,create|analyse,curve|point,,/rhino9-icons/crvstart.png,,https://docs.mcneel.com/rhino/9/help/en-us/commands/crvstart.htm
,CSec,Rhino,Curve,"Creates cross-section profile curves through a set of shape curves, cutting them with a plane you position. Traditional boat- and product-modelling workflow: define a form with a few character curves, then generate the sections to loft through.",,,advanced,Curve|Sections|Lofting,create,curve,,/rhino9-icons/csec.png,,https://docs.mcneel.com/rhino/9/help/en-us/commands/csec.htm
,CullControlPolygon,Rhino,View,"Toggles culling of control points and control polygons that face away from the view, so you only see and select the ones on your side of the object. A sanity-saver when point-editing dense surfaces and SubDs.",,,intermediate,Control Points|Display,visualise|edit,surface|subd,,/rhino9-icons/cullcontrolpolygon.png,,https://docs.mcneel.com/rhino/9/help/en-us/commands/cullcontrolpolygon.htm
,CullDegenerateMeshFaces,Rhino,Mesh,Finds and deletes degenerate mesh faces — zero-area slivers whose corners are collinear or coincident. One of the standard passes when repairing imported or scanned meshes for printing or rendering.,,,intermediate,Mesh|Repair|Cleanup,edit,mesh,,/rhino9-icons/culldegeneratemeshfaces.png,,https://docs.mcneel.com/rhino/9/help/en-us/commands/culldegeneratemeshfaces.htm
,Curvature,Rhino,Analyze,"Evaluates curvature at a picked point on a curve or surface, reporting the value and optionally placing the osculating circle. The precise, numeric complement to the visual curvature-graph and false-colour analyses.",,,advanced,Analysis|Curvature,analyse,curve|surface,measure,/rhino9-icons/curvature.png,,https://docs.mcneel.com/rhino/9/help/en-us/commands/curvature.htm
,CurvatureAnalysis,Rhino,Analyze,"Shades surfaces with false colour showing Gaussian or mean curvature. Reveals flat spots, dents and double curvature that plain shading hides.",,,advanced,Analyze|Curvature|Quality,analyse|visualise,surface|subd,,,,https://docs.mcneel.com/rhino/9/help/en-us/commandlist/command_list.htm
,CurvatureAnalysisOff,Rhino,Analyze,Turns off the false-colour curvature analysis display for the selected (or all) objects. Companion switch to CurvatureAnalysis; also exists so macros can end an analysis session cleanly.,,,intermediate,Analysis|Curvature|Display,analyse|visualise,surface,,,,https://docs.mcneel.com/rhino/9/help/en-us/commands/curvatureanalysisoff.htm
,CurvatureGraph,Rhino,Analyze,Displays comb-like graphs showing how curvature varies along curves and surface edges. The professional's tool for judging whether a curve is genuinely fair before surfacing.,,,advanced,Analyze|Curvature|Quality,analyse|visualise,curve|surface,,,,https://docs.mcneel.com/rhino/9/help/en-us/commandlist/command_list.htm
,CurvatureGraphOff,Rhino,Analyze,Removes the curvature-graph display from the selected (or all) curves and surfaces. The off-switch for CurvatureGraph once you have finished checking fairness.,,,intermediate,Analysis|Curvature|Display,analyse|visualise,curve|surface,,,,https://docs.mcneel.com/rhino/9/help/en-us/commands/curvaturegraphoff.htm
,Curve,Rhino,Curve,"Draws a free-form NURBS curve by placing control points that pull the curve towards them. The go-to tool for smooth, editable design curves where flow matters more than hitting exact points.",,,beginner,Curve|Free-form|NURBS,create,curve,,/rhino9-icons/curve.png,,https://docs.mcneel.com/rhino/9/help/en-us/commandlist/command_list.htm
,CurveBoolean,Rhino,Curve,"Trims and joins overlapping closed planar curves by picking the regions to keep, like a 2D boolean. Brilliant for cleaning up overlapping plan outlines into single boundaries.",,,intermediate,Curve|Edit|2D boolean,create|edit,curve,cut|join,/rhino9-icons/curveboolean.png,,https://docs.mcneel.com/rhino/9/help/en-us/commandlist/command_list.htm
,CurveThroughPolyline,Rhino,Curve,"Fits a smooth NURBS curve through (or controlled by) the vertices of a polyline. The quick route from a faceted survey or GIS polyline to a clean, fair curve.",,,intermediate,Curve|Conversion|Fairing,create,curve,smooth,,,https://docs.mcneel.com/rhino/9/help/en-us/commands/curvethroughpolyline.htm
,CurveThroughPt,Rhino,Curve,Builds a single curve through a set of selected point objects in order. Turns imported survey or grid points into usable design curves in one step.,,,intermediate,Curve|Create|Points,create,curve|point,,/rhino9-icons/curvethroughpt_rt.png,,https://docs.mcneel.com/rhino/9/help/en-us/commandlist/command_list.htm
,CurveThroughSrfControlPt,Rhino,Curve,"Creates curves that pass through a surface's rows or columns of control points. Useful for extracting the underlying structure of a surface to rebuild, analyse or re-loft it.",,,advanced,Curve|Surface|Control Points,create|analyse,curve|surface,,,,https://docs.mcneel.com/rhino/9/help/en-us/commands/curvethroughsrfcontrolpt.htm
,Cut,Rhino,Edit,"Removes the selection and places it on the clipboard for pasting, including into another open Rhino file. Standard clipboard workflow between models.",Ctrl+X,,beginner,Edit|Clipboard,edit|organise,curve|surface|solid|subd|mesh|point|annotation,move,/rhino9-icons/cut.png,,https://docs.mcneel.com/rhino/9/help/en-us/commandlist/command_list.htm
,CutPlane,Rhino,Surface,"Creates flat planes that slice through selected objects at picked locations, sized to cover them. Convenient starting geometry for trimming solids or setting up section cuts.",,,beginner,Surface|Create|Sections,create,surface|solid,cut,/rhino9-icons/cutplane.png,,https://docs.mcneel.com/rhino/9/help/en-us/commandlist/command_list.htm
,Cylinder,Rhino,Solid,"Creates a solid cylinder from a base circle and height. Everyday geometry for columns, pipework and circular cores.",,,beginner,Solid|Create|Primitive,create,solid,,/rhino9-icons/cylinder.png,,https://docs.mcneel.com/rhino/9/help/en-us/commandlist/command_list.htm
,Delete,Rhino,Edit,Removes the selected objects from the model. Paired with the Sel commands for fast bulk clean-ups.,Del,,beginner,Edit|Remove,edit,curve|surface|solid|subd|mesh|point|annotation,,,,https://docs.mcneel.com/rhino/9/help/en-us/commandlist/command_list.htm
,DeleteFaces,Rhino,Solid,"Deletes selected sub-object faces from a polysurface, SubD or mesh, leaving the remainder open. Faster than extracting then deleting when you simply want faces gone — say, removing a glazing face to model into an opening.",,,intermediate,Sub-object|Editing,edit,solid|surface|subd|mesh,cut,/rhino9-icons/deletefaces_mesh.png,,https://docs.mcneel.com/rhino/9/help/en-us/commands/deletefaces.htm
,DeleteMeshFaces,Rhino,Mesh,"Removes picked faces from a mesh, leaving holes. Used to strip unwanted clutter such as scan noise, cars or vegetation from context meshes.",,,beginner,Mesh|Edit|Faces,edit,mesh,cut,,,https://docs.mcneel.com/rhino/9/help/en-us/commandlist/command_list.htm
,DeleteMeshNgons,Rhino,Mesh,"Removes ngon groupings from a mesh, returning it to plain triangles and quads without moving any vertices. The undo for AddNgonsToMesh when downstream software chokes on ngons.",,,intermediate,Mesh|Ngons,edit,mesh,,,,https://docs.mcneel.com/rhino/9/help/en-us/commands/deletemeshngons.htm
,DeleteSubCrv,Rhino,Curve,"Removes the portion of a curve between two points you pick, leaving the rest intact. Cleaner than splitting and deleting when you just need a gap in a curve.",,,beginner,Curve|Editing,edit,curve,cut|split,/rhino9-icons/deletesubcrv.png,,https://docs.mcneel.com/rhino/9/help/en-us/commands/deletesubcrv.htm
,Detail,Rhino,View,"Adds and manages viewport windows on a layout page, each with its own view and scale. Used to compose plans, elevations and 3D views on one sheet.",,,intermediate,View|Documentation|Sheets,document,layout|view,navigate,/rhino9-icons/detail_add.png,,https://docs.mcneel.com/rhino/9/help/en-us/commandlist/command_list.htm
,DevLoft,Rhino,Surface,"Creates a developable surface between two rail curves — one that can be unrolled perfectly flat without stretching. Fundamental for sheet-metal, plywood and fabric construction where material cannot deform in-plane.",,,advanced,Surface|Developable|Fabrication,create,surface|curve,,,,https://docs.mcneel.com/rhino/9/help/en-us/commands/devloft.htm
,Diameter,Rhino,Analyze,Reports the diameter of curvature at a picked point on a curve — twice the radius the curve is bending through there. Quick check of whether an arc or curve meets a minimum bend diameter.,,,beginner,Analysis|Measurement,analyse,curve,measure,/rhino9-icons/diameter.png,,https://docs.mcneel.com/rhino/9/help/en-us/commands/diameter.htm
,DigBeep,Rhino,Tools,Toggles the confirmation beep a connected 3D digitising arm makes when a point is taken. Small quality-of-life setting for long digitising sessions.,,,advanced,Digitizer|Hardware,organise,,,,,https://docs.mcneel.com/rhino/9/help/en-us/commands/digbeep.htm
,DigCalibrate,Rhino,Tools,"Re-establishes the relationship between a connected digitising arm's coordinate system and the Rhino model, by taking reference points. Run it whenever the physical object or arm has moved.",,,advanced,Digitizer|Hardware|Calibration,organise,,,,,https://docs.mcneel.com/rhino/9/help/en-us/commands/digcalibrate.htm
,DigDisconnect,Rhino,Tools,Disconnects the currently connected 3D digitising arm from Rhino. Housekeeping command at the end of a digitising session.,,,advanced,Digitizer|Hardware,organise,,,,,https://docs.mcneel.com/rhino/9/help/en-us/commands/digdisconnect.htm
,Digitize,Rhino,Tools,"Connects a 3D digitising arm (MicroScribe, Faro and similar) so its stylus can feed real-world points straight into Rhino commands. The entry point for reverse-engineering physical objects by touch.",,,advanced,Digitizer|Hardware|Reverse Engineering,create,point,,/rhino9-icons/digitize.png,,https://docs.mcneel.com/rhino/9/help/en-us/commands/digitize.htm
,DigLine,Rhino,Tools,Draws line segments from points taken with a connected digitising arm. One of the sketching commands available while a digitizer is driving input.,,,advanced,Digitizer|Hardware|Curves,create,curve,,,,https://docs.mcneel.com/rhino/9/help/en-us/commands/digline.htm
,DigPause,Rhino,Tools,"Temporarily suspends digitizer input so you can use the mouse and keyboard normally, then resume taking points. Practical mid-session control during long digitising work.",,,advanced,Digitizer|Hardware,organise,,,,,https://docs.mcneel.com/rhino/9/help/en-us/commands/digpause.htm
,DigScale,Rhino,Tools,"Sets a scale factor between the physical object under the digitising arm and the Rhino model, so you can digitise a scale model and receive full-size geometry (or vice versa).",,,advanced,Digitizer|Hardware|Scale,organise|transform,,scale,,,https://docs.mcneel.com/rhino/9/help/en-us/commands/digscale.htm
,DigSection,Rhino,Tools,"Traces section curves across a physical object using a digitising arm, producing planar profile curves in the model. A staple of hands-on reverse engineering before lofting surfaces through the sections.",,,advanced,Digitizer|Hardware|Sections,create,curve,,,,https://docs.mcneel.com/rhino/9/help/en-us/commands/digsection.htm
,DigSketch,Rhino,Tools,Sketches freehand curves by dragging the stylus of a connected digitising arm across a physical surface. The digitizer equivalent of the Sketch command.,,,advanced,Digitizer|Hardware|Curves,create,curve,,,,https://docs.mcneel.com/rhino/9/help/en-us/commands/digsketch.htm
,Dim,Rhino,Dimension,Places a horizontal or vertical linear dimension between two points. The bread-and-butter dimensioning tool for plans and elevations.,,,beginner,Dimension|Annotation|Drafting,document,annotation,annotate|measure,,,https://docs.mcneel.com/rhino/9/help/en-us/commandlist/command_list.htm
,DimAligned,Rhino,Dimension,"Places a dimension parallel to the line between its two picked points. Used for measuring along sloped walls, stairs and raked elements.",,,beginner,Dimension|Annotation|Drafting,document,annotation,annotate|measure,,,https://docs.mcneel.com/rhino/9/help/en-us/commandlist/command_list.htm
,DimAngle,Rhino,Dimension,Dimensions the angle between two lines or three points with an arc leader. Standard for splayed walls and angled setting-out.,,,beginner,Dimension|Annotation|Drafting,document,annotation,annotate|measure,,,https://docs.mcneel.com/rhino/9/help/en-us/commandlist/command_list.htm
,DimArea,Rhino,Dimension,"Places an annotation reporting the area of a closed curve, hatch or surface, and keeps it linked so it updates when the geometry changes. Perfect for room areas and site-area schedules on drawings.",,,intermediate,Annotation|Area|Drafting,document|analyse,annotation|curve|surface,annotate|measure,,,https://docs.mcneel.com/rhino/9/help/en-us/commands/dimarea.htm
,DimCurveLength,Rhino,Dimension,"Annotates the true developed length of a curve rather than a straight distance. Useful for handrails, cable runs and curved facades where arc length matters.",,,intermediate,Dimension|Annotation|Drafting,document,annotation|curve,annotate|measure,,,https://docs.mcneel.com/rhino/9/help/en-us/commandlist/command_list.htm
,DimDiameter,Rhino,Dimension,"Annotates the diameter of a circle or arc. Preferred over radius for holes, penetrations and circular components.",,,beginner,Dimension|Annotation|Drafting,document,annotation,annotate|measure,,,https://docs.mcneel.com/rhino/9/help/en-us/commandlist/command_list.htm
,DimOrdinate,Rhino,Dimension,Places running X or Y coordinate dimensions from a datum origin. Common on fabrication and setting-out drawings where chains of dimensions would clutter.,,,intermediate,Dimension|Annotation|Drafting,document,annotation,annotate|measure,,,https://docs.mcneel.com/rhino/9/help/en-us/commandlist/command_list.htm
,DimRadius,Rhino,Dimension,"Annotates the radius of an arc or circle with a leadered value. Essential on setting-out drawings for curved kerbs, walls and fillets.",,,beginner,Dimension|Annotation|Drafting,document,annotation,annotate|measure,,,https://docs.mcneel.com/rhino/9/help/en-us/commandlist/command_list.htm
,DimRecenterText,Rhino,Dimension,Snaps dimension text that has been dragged around back to its default position on the dimension line. Fast tidy-up for drawings where text has wandered during editing.,,,beginner,Annotation|Dimensions|Drafting,document|edit,annotation,annotate,,,https://docs.mcneel.com/rhino/9/help/en-us/commands/dimrecentertext.htm
,DimRotated,Rhino,Dimension,Places a linear dimension at a set angle regardless of the picked points' alignment. Useful for dimensioning against a rotated grid or datum.,,,intermediate,Dimension|Annotation|Drafting,document,annotation,annotate|measure,,,https://docs.mcneel.com/rhino/9/help/en-us/commandlist/command_list.htm
,DimVolume,Rhino,Dimension,"Places an annotation reporting the volume of closed solids, linked so it updates as the model changes. Useful for quick cut-and-fill notes, tank capacities or massing figures directly on a drawing.",,,intermediate,Annotation|Volume|Drafting,document|analyse,annotation|solid,annotate|measure,,,https://docs.mcneel.com/rhino/9/help/en-us/commands/dimvolume.htm
,Dir,Rhino,Analyze,"Displays and edits the direction arrows of curves and the normals of surfaces or meshes. First diagnostic when offsets, extrusions or textures behave back to front.",,,intermediate,Analyze|Direction|Normals,analyse|edit,curve|surface|mesh,,/rhino9-icons/dir.png,,https://docs.mcneel.com/rhino/9/help/en-us/commandlist/command_list.htm
,DisableClippingPlane,Rhino,View,"Switches off selected clipping planes in chosen viewports without deleting them, restoring the uncut view. Toggle sections on and off as you flip between design work and section checking.",,,intermediate,Clipping Plane|Sections|Display,visualise,view,,,,https://docs.mcneel.com/rhino/9/help/en-us/commands/disableclippingplane.htm
,DisableOsnap,Rhino,Tools,"Temporarily disables all persistent object snaps (or re-enables them), like clicking Disable on the osnap toolbar. Mostly used in macros, or when snaps keep grabbing unwanted points during freehand work.",,,beginner,Osnap|Modelling Aids,organise,,,,,https://docs.mcneel.com/rhino/9/help/en-us/commands/disableosnap.htm
,DisplayCommandPrompt,Rhino,Tools,Shows or hides the command prompt window. The rescue command to type blind when the prompt has disappeared and Rhino seems unresponsive to instructions.,,,beginner,Interface|Workspace,organise,,,,,https://docs.mcneel.com/rhino/9/help/en-us/commands/displaycommandprompt.htm
,DisplayProperties,Rhino,View,"Opens the display panel for the active viewport, exposing the current display mode's settings for quick adjustment. Faster than digging through Options when you just want to tweak shadows, edges or background.",,,intermediate,Display|Viewport|Settings,visualise|organise,view,,/rhino9-icons/displayproperties.png,,https://docs.mcneel.com/rhino/9/help/en-us/commands/displayproperties.htm
,Distance,Rhino,Analyze,Reports the distance between two picked points. The quickest sanity check on clearances and spacings while modelling.,,,beginner,Analyze|Measure,analyse,point,measure,/rhino9-icons/distance.png,,https://docs.mcneel.com/rhino/9/help/en-us/commandlist/command_list.htm
,Distribute,Rhino,Transform,Spaces selected objects evenly between the outermost ones along an axis. Companion to Align for tidy elevation compositions and furniture rows.,,,beginner,Transform|Align|Spacing,transform|organise,curve|surface|solid|mesh|point|annotation,move|array,,,https://docs.mcneel.com/rhino/9/help/en-us/commandlist/command_list.htm
,Divide,Rhino,Curve,"Places point objects along a curve by equal count or set length. The standard setting-out tool for mullion spacing, baluster positions and panelisation.",,,beginner,Curve|Analysis|Setting out,create|analyse,curve|point,measure|array,/rhino9-icons/divide.png,,https://docs.mcneel.com/rhino/9/help/en-us/commandlist/command_list.htm
,DivideAlongCreases,Rhino,Surface,"Splits a surface into separate faces wherever it kinks at tangency or curvature breaks. Cleans up geometry so downstream fillets, offsets and exports behave predictably.",,,advanced,Surface|Edit|Clean-up,edit,surface,split,/rhino9-icons/dividealongcreases.png,,https://docs.mcneel.com/rhino/9/help/en-us/commandlist/command_list.htm
,DocumentProperties,Rhino,File,"Opens settings that belong to the current file, such as units, tolerances, grid and annotation styles. Getting tolerances right here prevents most downstream joining and boolean grief.",,,intermediate,File|Settings|Units,organise,,,/rhino9-icons/documentproperties.png,,https://docs.mcneel.com/rhino/9/help/en-us/commandlist/command_list.htm
,DocumentPropertiesPage,Rhino,File,"Opens the Document Properties dialog directly at a named page — units, grid, mesh settings and so on. Chiefly a scripting and toolbar-button convenience for jumping straight to a settings page.",,,intermediate,Settings|Document,organise,,,,,https://docs.mcneel.com/rhino/9/help/en-us/commands/documentpropertiespage.htm
,DocumentText,Rhino,File,"Manages document user text — named key/value pairs stored in the file itself, such as project number, revision or client. These fields can drive titleblock text, making them the backbone of consistent drawing sets.",,,intermediate,Metadata|Document|Data,document|organise,,,,,https://docs.mcneel.com/rhino/9/help/en-us/commands/setdocumentusertext.htm
,DollyZoom,Rhino,View,"Zooms by moving the camera forwards or backwards while simultaneously changing the lens length, keeping the target framed — the cinematic 'vertigo' effect. Useful for tuning perspective drama in a view without losing composition.",,,advanced,Camera|Perspective|Navigation,visualise,view,navigate,,,https://docs.mcneel.com/rhino/9/help/en-us/commands/dollyzoom.htm
,Domain,Rhino,Analyze,Reports the parameter domain of a curve or surface — the internal number range over which it is defined. A geometry-nerd utility that matters when scripting or diagnosing parameterisation issues.,,,advanced,Analysis|Parameters|Scripting,analyse,curve|surface,measure,/rhino9-icons/domain_rt.png,,https://docs.mcneel.com/rhino/9/help/en-us/commands/domain.htm
,Dot,Rhino,Dimension,"Places an annotation dot — a small text tag that always faces the camera and stays the same size on screen at any zoom. The go-to markup for labelling, redlining and to-do notes inside a model.",,,beginner,Annotation|Markup,document,annotation,annotate,/rhino9-icons/dot.png,,https://docs.mcneel.com/rhino/9/help/en-us/commands/dot.htm
,DownloadLibraryTextures,Rhino,Render,Fetches the full-resolution textures for Rhino's built-in material library that are not shipped with the installer. Run it once on a new machine so library materials render properly.,,,beginner,Rendering|Materials|Library,visualise|organise,,,,,https://docs.mcneel.com/rhino/9/help/en-us/commands/downloadlibrarytextures.htm
,DraftAngleAnalysis,Rhino,Analyze,Colours surfaces by their angle from a pull direction. Used to check mould release on cast components and to map facade panels against rain or solar angle thresholds.,,,advanced,Analyze|Angles|Fabrication,analyse|visualise,surface|solid|mesh,measure,/rhino9-icons/draftangleanalysis.png,,https://docs.mcneel.com/rhino/9/help/en-us/commandlist/command_list.htm
,DraftAngleAnalysisOff,Rhino,Analyze,"Turns off the false-colour draft-angle analysis display. The off-switch once you have finished checking pull directions for moulding, casting or formwork.",,,intermediate,Analysis|Draft Angle|Display,analyse|visualise,surface,,,,https://docs.mcneel.com/rhino/9/help/en-us/commands/draftangleanalysisoff.htm
,Drag,Rhino,Transform,"Sets how click-and-drag moving behaves, including CPlane or view-based dragging. Worth knowing when dragged objects jump to unexpected planes in 3D views.",,,intermediate,Transform|Settings,transform|organise,curve|surface|solid|mesh|point,move,,,https://docs.mcneel.com/rhino/9/help/en-us/commandlist/command_list.htm
,DragMode,Rhino,Transform,"Sets how objects and control points move when dragged with the mouse — along the construction plane, in world axes, along surface UVN directions, or following the control polygon. Switching drag mode is key to sculpting surfaces and SubDs predictably.",,,intermediate,Dragging|Control Points|Modelling Aids,transform|organise,curve|surface|subd|mesh,move,/rhino9-icons/dragmode.png,,https://docs.mcneel.com/rhino/9/help/en-us/commands/dragmode.htm
,DragStrength,Rhino,Transform,"Scales how far objects and control points actually move relative to your mouse drag, from full strength down to fine fractions. Turn it down for delicate control-point sculpting where full-strength drags are too coarse.",,,intermediate,Dragging|Control Points|Modelling Aids,transform|organise,curve|surface|subd|mesh,move,,,https://docs.mcneel.com/rhino/9/help/en-us/commands/dragstrength.htm
,Drape,Rhino,Surface,"Drops a rectangular surface over objects from above, like laying cloth across the model. A quick way to make simplified terrain or wrapper surfaces over complex geometry.",,,intermediate,Surface|Create|Fitting,create,surface|mesh|solid,,/rhino9-icons/drape.png,,https://docs.mcneel.com/rhino/9/help/en-us/commandlist/command_list.htm
,DrapePt,Rhino,Surface,"Drops a rectangular grid of points onto whatever geometry lies below, like draping in points rather than a surface. Useful for sampling terrain or scan data at a regular spacing.",,,intermediate,Points|Terrain|Sampling,create|analyse,point,,,,https://docs.mcneel.com/rhino/9/help/en-us/commands/drapept.htm
,DupAnnotationStyle,Rhino,Dimension,"Duplicates an existing annotation (dimension) style as the starting point for a new one. Standard practice for building a family of related drawing styles — copy the office standard, tweak the scale or arrows.",,,intermediate,Annotation|Styles|Drafting,document|organise,annotation,copy,,,https://docs.mcneel.com/rhino/9/help/en-us/commands/dupannotationstyle.htm
,DupBorder,Rhino,Curve,"Duplicates the naked outer edges of a surface, polysurface, mesh or hatch as curves. Fast way to recover an outline for offsetting, trimming or documentation.",,,beginner,Curve|From objects|Edges,create,curve|surface|mesh,copy,/rhino9-icons/dupborder.png,,https://docs.mcneel.com/rhino/9/help/en-us/commandlist/command_list.htm
,DupEdge,Rhino,Curve,"Copies individually picked surface or polysurface edges as free-standing curves. Handy for rebuilding, sweeping or dimensioning from existing geometry.",,,beginner,Curve|From objects|Edges,create,curve|surface,copy,/rhino9-icons/dupedge.png,,https://docs.mcneel.com/rhino/9/help/en-us/commandlist/command_list.htm
,DupFaceBorder,Rhino,Curve,"Duplicates the full border of a chosen face within a polysurface, including any trim holes. Useful when detailing a single panel of a larger assembly.",,,intermediate,Curve|From objects|Edges,create,curve|surface|solid,copy,/rhino9-icons/dupfaceborder.png,,https://docs.mcneel.com/rhino/9/help/en-us/commandlist/command_list.htm
,DupLayer,Rhino,Edit,"Duplicates a layer, optionally including all the objects on it. Quick way to spin off a design option or archive the current state of one layer before major edits.",,,beginner,Layers|Organisation,organise,layer,copy,/rhino9-icons/duplayer.png,,https://docs.mcneel.com/rhino/9/help/en-us/commands/duplayer.htm
,DupMeshEdge,Rhino,Mesh,"Creates curves that duplicate selected mesh edges. Handy for extracting construction lines from a mesh — a ridge line, a panel joint — to rebuild as clean NURBS geometry.",,,intermediate,Mesh|Curves|Extraction,create,mesh|curve,copy,/rhino9-icons/dupmeshedge_rt.png,,https://docs.mcneel.com/rhino/9/help/en-us/commands/dupmeshedge.htm
,DupMeshHoleBoundary,Rhino,Mesh,"Creates closed polylines around the holes in a mesh. The first step in patching: extract the hole boundaries, then use them to build filling geometry or to see where a scan is incomplete.",,,intermediate,Mesh|Repair|Curves,create|analyse,mesh|curve,copy,/rhino9-icons/dupmeshholeboundary.png,,https://docs.mcneel.com/rhino/9/help/en-us/commands/dupmeshholeboundary.htm
,EarthAnchorPoint,Rhino,File,"Assigns a real-world latitude, longitude and north direction to a point in the model, geolocating it on the planet. Prerequisite for accurate sun studies and for exports that carry geographic position.",,,intermediate,Geolocation|Sun Study|Site,document|organise,,,/rhino9-icons/earthanchorpoint.png,,https://docs.mcneel.com/rhino/9/help/en-us/commands/earthanchorpoint.htm
,EdgeContinuity,Rhino,Analyze,"Displays live position, tangency and curvature deviation between two selected edges. A focused matching diagnostic introduced alongside modern surfacing tools in Rhino 7.",,,advanced,Analyze|Continuity|Quality,analyse|visualise,surface,measure,/rhino9-icons/edgecontinuity.png,,https://docs.mcneel.com/rhino/9/help/en-us/commandlist/command_list.htm
,EdgeSrf,Rhino,Surface,"Builds a surface spanning two, three or four boundary curves or edges. A dependable way to skin simple openings and quad patches without loft direction fuss.",,,beginner,Surface|Create|Boundary,create,surface|curve,,/rhino9-icons/edgesrf.png,,https://docs.mcneel.com/rhino/9/help/en-us/commandlist/command_list.htm
,EditLightByHighlight,Rhino,Render,Repositions a light by clicking where you want its highlight to fall on a surface; Rhino moves the light to produce that reflection. An intuitive way to art-direct speculars in product-style renders.,,,advanced,Lighting|Rendering,visualise|edit,,move,/rhino9-icons/editlightbyhighlight.png,,https://docs.mcneel.com/rhino/9/help/en-us/commands/editlightbyhighlight.htm
,EditLightByLooking,Rhino,Render,Aims a light by letting you navigate a viewport as if looking through the light itself — where you point the view is where the light points. The quickest way to aim spotlights precisely at what matters.,,,advanced,Lighting|Rendering,visualise|edit,view,rotate,/rhino9-icons/editlightbylooking.png,,https://docs.mcneel.com/rhino/9/help/en-us/commands/editlightbylooking.htm
,EditPythonScript,Rhino,Tools,"Opens Rhino's built-in Python script editor with debugging, so you can write and run Python automation against the live document. The doorway into scripting for anyone automating repetitive modelling or data tasks.",,,advanced,Scripting|Python|Automation,create|organise,,,,,https://docs.mcneel.com/rhino/9/help/en-us/commands/editpythonscript.htm
,EditScript,Rhino,Tools,"Opens the RhinoScript editor for writing and debugging scripts in Rhino's classic VBScript-based language. Legacy alongside Python, but plenty of office automation still runs on it.",,,advanced,Scripting|RhinoScript|Automation,create|organise,,,,,https://docs.mcneel.com/rhino/9/help/en-us/commands/editscript.htm
,Ellipse,Rhino,Curve,"Draws an ellipse from a centre and two axis lengths, or by bounding corners. Used for elliptical plans, arches and lighting layouts.",,,beginner,Curve|Drawing|2D,create,curve,,/rhino9-icons/ellipse.png,,https://docs.mcneel.com/rhino/9/help/en-us/commandlist/command_list.htm
,Ellipsoid,Rhino,Solid,Creates a solid ellipsoid stretched along three axes. Useful for blob-like massing and organic volume placeholders.,,,beginner,Solid|Create|Primitive,create,solid,,/rhino9-icons/ellipsoid.png,,https://docs.mcneel.com/rhino/9/help/en-us/commandlist/command_list.htm
,EMap,Rhino,Analyze,Reflects a chosen environment image in the model's surfaces as a quality check. Simulates how a polished or glazed finish will reveal surface defects.,,,intermediate,Analyze|Continuity|Quality,analyse|visualise,surface|subd,,/rhino9-icons/emap.png,,https://docs.mcneel.com/rhino/9/help/en-us/commandlist/command_list.htm
,EMapOff,Rhino,Analyze,Turns off the environment-map (chrome-ball style) analysis display and returns objects to normal shading. The off-switch after checking surface fairness with EMap reflections.,,,intermediate,Analysis|Display|Surface Quality,analyse|visualise,surface,,,,https://docs.mcneel.com/rhino/9/help/en-us/commands/emapoff.htm
,EnableClippingPlane,Rhino,View,Re-activates clipping planes in chosen viewports so they cut the model again. Pairs with DisableClippingPlane for flicking section cuts on and off while you work.,,,intermediate,Clipping Plane|Sections|Display,visualise,view,,,,https://docs.mcneel.com/rhino/9/help/en-us/commands/enableclippingplane.htm
,EndBulge,Rhino,Curve,Adjusts how strongly a curve or surface end holds its shape near a matched edge without breaking continuity. A fine-tuning tool used after Match or MatchSrf.,,,advanced,Curve|Edit|Continuity,edit,curve|surface,smooth,/rhino9-icons/endbulge.png,,https://docs.mcneel.com/rhino/9/help/en-us/commandlist/command_list.htm
,Enter,Rhino,Tools,Acts exactly like pressing the Enter key. Exists so toolbar buttons and macros can confirm defaults or repeat the previous command without keyboard input.,,,advanced,System|Scripting|Macros,organise,,,,,https://docs.mcneel.com/rhino/9/help/en-us/commands/enter.htm
,EnterEnd,Rhino,Tools,"Sends Enter repeatedly until the current command has completely finished, however many nested prompts remain. A macro-writer's tool for guaranteeing a clean state before the next instruction.",,,advanced,System|Scripting|Macros,organise,,,,,https://docs.mcneel.com/rhino/9/help/en-us/commands/enterend.htm
,Environments,Rhino,Render,"Opens the Environments panel where rendering environments — HDRI backdrops, skylight sources, reflection settings — are created and assigned. Central to getting believable lighting in rendered views.",,,intermediate,Rendering|Environment|Lighting,visualise|organise,,,/rhino9-icons/environments.png,,https://docs.mcneel.com/rhino/9/help/en-us/commands/environments.htm
,EvaluatePt,Rhino,Analyze,Reports the exact world or CPlane coordinates of a picked point. Everyday check for setting-out values and datum levels.,,,beginner,Analyze|Measure|Coordinates,analyse,point,measure,/rhino9-icons/evaluatept.png,,https://docs.mcneel.com/rhino/9/help/en-us/commandlist/command_list.htm
,EvaluateUVPt,Rhino,Analyze,"Reports the U and V parameter values at a picked location on a surface. A niche but occasionally vital utility when scripting, texture-mapping or diagnosing surface parameterisation.",,,advanced,Analysis|Surface|Parameters,analyse,surface|point,measure,/rhino9-icons/evaluatept_rt.png,,https://docs.mcneel.com/rhino/9/help/en-us/commands/evaluateuvpt.htm
,Exit,Rhino,File,"Closes Rhino, prompting to save any unsaved changes first. The command-line equivalent of quitting from the File menu.",,,beginner,System|File,organise,,,,,https://docs.mcneel.com/rhino/9/help/en-us/commands/exit.htm
,Explode,Rhino,Edit,"Breaks joined objects into their component curves, surfaces or mesh parts, and dissolves blocks and groups of segments. First step whenever a compound object needs part-by-part editing.",,,beginner,Edit|Separate,edit,curve|surface|solid|mesh,split,/rhino9-icons/explode.png,,https://docs.mcneel.com/rhino/9/help/en-us/commandlist/command_list.htm
,ExplodeBlock,Rhino,Edit,"Replaces block instances with copies of their component geometry, including bursting nested blocks in one go. Use it deliberately — you gain editability but lose the block link that kept instances coordinated.",,,intermediate,Blocks|Editing,edit,,split,,,https://docs.mcneel.com/rhino/9/help/en-us/commands/explodeblock.htm
,Export,Rhino,File,"Writes the selected objects out to another file and format. Used constantly to issue geometry to consultants, fabricators and other software.",,,beginner,File|Exchange|Formats,organise|document,,copy,/rhino9-icons/export_save_rt.png,,https://docs.mcneel.com/rhino/9/help/en-us/commandlist/command_list.htm
,ExportBitmaps,Rhino,File,Saves the bitmap textures embedded in the current file out to a folder on disk. Essential when a model arrives with packed textures and you need the images for editing or for another application.,,,intermediate,Textures|Export|File,document|organise,,,/rhino9-icons/exportbitmaps.png,,https://docs.mcneel.com/rhino/9/help/en-us/commands/exportbitmaps.htm
,ExportBlockAttributes,Rhino,File,"Writes the attribute data carried by block instances out to a spreadsheet-friendly file. This is how door schedules, fixture counts and similar tabulations get from a block-based model into Excel.",,,advanced,Blocks|Attributes|Data|Schedules,document,,,,,https://docs.mcneel.com/rhino/9/help/en-us/commands/exportblockattributes.htm
,ExportRuiFile,Rhino,Tools,Saves toolbar and interface customisations to an RUI file that can be backed up or shared. How an office distributes its standard toolbar setup across workstations.,,,intermediate,Interface|Toolbars|Customisation,organise|document,,,,,https://docs.mcneel.com/rhino/9/help/en-us/commands/exportruifile.htm
,ExportWithOrigin,Rhino,File,Exports selected objects with a picked base point that becomes the new file's origin. Vital for keeping shared coordinates sane when exchanging fragments of large site models.,,,intermediate,File|Exchange|Coordinates,organise|document,,copy|move,,,https://docs.mcneel.com/rhino/9/help/en-us/commandlist/command_list.htm
,Extend,Rhino,Curve,"Lengthens a curve to meet a boundary or by a set distance, keeping its character by line, arc or smooth continuation. Constantly used to make curves reach trimming edges.",,,beginner,Curve|Edit|Clean-up,edit,curve,,/rhino9-icons/extend.png,,https://docs.mcneel.com/rhino/9/help/en-us/commandlist/command_list.htm
,ExtendCrvOnSrf,Rhino,Curve,Extends a curve that lies on a surface along its natural path until it reaches the surface edges. Perfect for completing trim curves and panel lines that stop short of the boundary.,,,intermediate,Curve|Surface|Editing,edit,curve|surface,,/rhino9-icons/extendcrvonsrf.png,,https://docs.mcneel.com/rhino/9/help/en-us/commands/extendcrvonsrf.htm
,ExtendDynamic,Rhino,Curve,"Extends a curve by dragging its endpoint to wherever you want it, with the extension following the curve smoothly. The freehand cousin of Extend for when you don't have a boundary to extend to.",,,beginner,Curve|Editing,edit,curve,,/rhino9-icons/extenddynamic.png,,https://docs.mcneel.com/rhino/9/help/en-us/commands/extenddynamic.htm
,ExtendSrf,Rhino,Surface,"Lengthens a surface beyond a chosen edge, smoothly or as a straight continuation. Handy when a roof or wall surface falls just short of the geometry it must trim against.",,,intermediate,Surface|Edit|Clean-up,edit,surface,,/rhino9-icons/extendsrf.png,,https://docs.mcneel.com/rhino/9/help/en-us/commandlist/command_list.htm
,ExtractAnalysisMesh,Rhino,Analyze,"Pulls out the fine mesh Rhino built for a visual analysis (curvature, draft angle, zebra) as a real mesh object you can keep. Useful when you want that high-quality mesh for export or further processing.",,,advanced,Analysis|Mesh|Extraction,create|analyse,mesh,copy,,,https://docs.mcneel.com/rhino/9/help/en-us/commands/extractanalysismesh.htm
,ExtractBadSrf,Rhino,Analyze,Pulls the invalid faces out of polysurfaces so they can be repaired or rebuilt in isolation. Surgical follow-up to SelBadObjects on complex models.,,,advanced,Analyze|Diagnostics|Repair,analyse|edit,surface|solid,split,/rhino9-icons/extractbadsrf_rt.png,,https://docs.mcneel.com/rhino/9/help/en-us/commandlist/command_list.htm
,ExtractConnectedMeshFaces,Rhino,Mesh,"Selects and extracts all mesh faces connected to a picked face, optionally stopping at edges sharper than a given angle. Great for splitting a scan into logical regions — a roof plane, a wall face — along its natural creases.",,,intermediate,Mesh|Extraction|Selection,edit,mesh,split,,,https://docs.mcneel.com/rhino/9/help/en-us/commands/extractconnectedmeshfaces.htm
,ExtractControlPolygon,Rhino,Curve,Creates a polyline (for curves) or mesh (for surfaces) that duplicates the control polygon — the straight-line cage joining the control points. Useful for analysing structure or reusing the cage as construction geometry.,,,advanced,Control Points|Extraction|Analysis,create|analyse,curve|surface|mesh,copy,/rhino9-icons/extractcontrolpolygon.png,,https://docs.mcneel.com/rhino/9/help/en-us/commands/extractcontrolpolygon.htm
,ExtractCurvatureGraph,Rhino,Analyze,"Converts the on-screen curvature-graph display into actual curve objects. Lets you keep, print or dimension the curvature 'porcupine' as documentary evidence of a curve's fairness.",,,advanced,Analysis|Curvature|Extraction,create|analyse,curve,copy,,,https://docs.mcneel.com/rhino/9/help/en-us/commands/extractcurvaturegraph.htm
,ExtractDuplicateMeshFaces,Rhino,Mesh,"Finds faces that exist twice in a mesh — a common flaw in imported and merged meshes — and pulls the duplicates out as a separate mesh for inspection or deletion. Duplicate faces break 3D printing and boolean operations, so this is a standard repair pass.",,,intermediate,Mesh|Repair|Cleanup,edit|analyse,mesh,split,,,https://docs.mcneel.com/rhino/9/help/en-us/commands/extractduplicatemeshfaces.htm
,ExtractIsocurve,Rhino,Curve,Pulls a chosen U or V isocurve off a surface as a real curve. Used to harvest clean construction curves that follow a surface's natural flow.,,,intermediate,Curve|From objects|Surface,create,curve|surface,copy,/rhino9-icons/extractisocurve.png,,https://docs.mcneel.com/rhino/9/help/en-us/commandlist/command_list.htm
,ExtractMeshFaces,Rhino,Mesh,Detaches selected faces from a mesh into a separate mesh object. Used to isolate a roof plane or facade zone from a context scan.,,,intermediate,Mesh|Edit|Faces,edit|organise,mesh,split,/rhino9-icons/extractmeshfaces.png,,https://docs.mcneel.com/rhino/9/help/en-us/commandlist/command_list.htm
,ExtractMeshFacesByArea,Rhino,Mesh,Separates mesh faces whose area falls within a range you specify into their own mesh. A diagnostic and repair filter for isolating suspiciously tiny (or huge) faces in scan data.,,,advanced,Mesh|Repair|Filter,edit|analyse,mesh,split,,,https://docs.mcneel.com/rhino/9/help/en-us/commands/extractmeshfacesbyarea.htm
,ExtractMeshFacesByAspectRatio,Rhino,Mesh,"Separates mesh faces whose aspect ratio exceeds a threshold — the long thin slivers — into their own mesh. Isolate them, inspect them, then repair or delete without touching the healthy faces.",,,advanced,Mesh|Repair|Filter,edit|analyse,mesh,split,,,https://docs.mcneel.com/rhino/9/help/en-us/commands/extractmeshfacesbyaspectratio.htm
,ExtractMeshFacesByDraftAngle,Rhino,Mesh,"Separates mesh faces whose slope relative to a pull direction falls within a chosen range. Useful far beyond moulding: pull all roof planes from a terrain scan, or every overhanging face from a print check.",,,advanced,Mesh|Filter|Draft Angle,edit|analyse,mesh,split,,,https://docs.mcneel.com/rhino/9/help/en-us/commands/extractmeshfacesbydraftangle.htm
,ExtractMeshFacesByEdgeLength,Rhino,Mesh,Separates mesh faces containing edges shorter or longer than limits you set into their own mesh. Another of the criteria filters for hunting down problem geometry inside big meshes.,,,advanced,Mesh|Repair|Filter,edit|analyse,mesh,split,,,https://docs.mcneel.com/rhino/9/help/en-us/commands/extractmeshfacesbyedgelength.htm
,ExtractMeshPart,Rhino,Mesh,Pulls out one connected region of a disjoint mesh as its own object. Quick way to separate buildings merged into a single downloaded city mesh.,,,intermediate,Mesh|Edit|Clean-up,edit|organise,mesh,split,,,https://docs.mcneel.com/rhino/9/help/en-us/commandlist/command_list.htm
,ExtractNonManifoldMeshEdges,Rhino,Mesh,Finds edges shared by more than two faces — non-manifold junctions that make a mesh unprintable and unbooleanable — and extracts the offending faces for repair. A core step in preparing meshes for 3D printing.,,,advanced,Mesh|Repair|3D Printing,edit|analyse,mesh,split,,,https://docs.mcneel.com/rhino/9/help/en-us/commands/extractnonmanifoldmeshedges.htm
,ExtractPt,Rhino,Curve,"Creates point objects at the control points, edit points or vertices of the selected geometry. Useful for rebuilding geometry from its defining points, or exporting point sets to other software.",,,intermediate,Points|Extraction,create,point|curve|surface|mesh,copy,/rhino9-icons/extractpt.png,,https://docs.mcneel.com/rhino/9/help/en-us/commands/extractpt.htm
,ExtractRenderMesh,Rhino,Mesh,Copies the display mesh Rhino generated for a surface or solid out as an editable mesh object. The standard way to get a mesh that matches exactly what you see shaded on screen — often as a starting point for export or mesh editing.,,,intermediate,Mesh|Render Mesh|Extraction,create,mesh|surface|solid,copy,/rhino9-icons/extractrendermesh.png,,https://docs.mcneel.com/rhino/9/help/en-us/commands/extractrendermesh.htm
,ExtractSrf,Rhino,Solid,"Separates chosen faces from a polysurface so they become independent surfaces, leaving the rest behind. Used to isolate a facade panel or roof face for detailed work.",,,beginner,Solid|Edit|Faces,edit|organise,solid|surface,split,/rhino9-icons/extractsrf.png,,https://docs.mcneel.com/rhino/9/help/en-us/commandlist/command_list.htm
,ExtractSubCrv,Rhino,Curve,Copies (or removes) the portion of a curve between two picked points as a separate curve. Cleaner than split-and-delete when you need just one segment of a longer curve.,,,beginner,Curve|Editing|Extraction,edit,curve,split|copy,/rhino9-icons/extractsubcrv.png,,https://docs.mcneel.com/rhino/9/help/en-us/commands/extractsubcrv.htm
,ExtractUVMesh,Rhino,Mesh,"Creates a flat mesh laid out in a surface's UV parameter space. Paired with ApplyMesh or ApplyMeshUVN, it forms a round-trip workflow: flatten, design in 2D, wrap the result back onto the 3D surface.",,,advanced,Mesh|UV|Flattening,create,mesh|surface,,,,https://docs.mcneel.com/rhino/9/help/en-us/commands/extractuvmesh.htm
,ExtractWireframe,Rhino,Curve,Converts the displayed isocurve wireframe of surfaces or polysurfaces into curves in one go. Quick source of a full curve network for diagrams and pattern studies.,,,intermediate,Curve|From objects|Surface,create,curve|surface,copy,/rhino9-icons/extractwireframe.png,,https://docs.mcneel.com/rhino/9/help/en-us/commandlist/command_list.htm
,ExtrudeCrv,Rhino,Surface,"Pushes a curve in a straight direction to form a surface, or a closed solid with caps. The workhorse for turning plans into walls and profiles into massing.",,,beginner,Surface|Create|Extrusion,create,surface|curve|solid,thicken,/rhino9-icons/extrudecrv.png,,https://docs.mcneel.com/rhino/9/help/en-us/commandlist/command_list.htm
,ExtrudeCrvAlongCrv,Rhino,Surface,"Extrudes a profile curve along the length of another curve, keeping the profile orientation fixed. Useful for angled glazing bars and raked structural members where a sweep would rotate the section.",,,intermediate,Surface|Create|Extrusion,create,surface|curve,,/rhino9-icons/extrudecrvalongcrv.png,,https://docs.mcneel.com/rhino/9/help/en-us/commandlist/command_list.htm
,ExtrudeCrvTapered,Rhino,Surface,"Extrudes a curve with a draft angle so the sides lean in or out as they rise. Used for battered walls, formwork with draft and tapered massing studies.",,,intermediate,Surface|Create|Extrusion,create,surface|curve,,/rhino9-icons/extrudecrvtapered.png,,https://docs.mcneel.com/rhino/9/help/en-us/commandlist/command_list.htm
,ExtrudeCrvToPoint,Rhino,Surface,"Extrudes a curve so it tapers to a single apex point. Instant tool for pyramidal roofs, spires and cone-like transitions from any plan shape.",,,beginner,Surface|Create|Extrusion,create,surface|curve,,/rhino9-icons/extrudecrvtopoint.png,,https://docs.mcneel.com/rhino/9/help/en-us/commandlist/command_list.htm
,ExtrudeMesh,Rhino,Mesh,"Extrudes mesh faces or whole meshes in a straight line, creating new connected mesh volume. The mesh-world equivalent of extruding surfaces — often used to give thickness to open scan patches.",,,intermediate,Mesh|Extrude,create|edit,mesh,thicken,/rhino9-icons/extrudemesh.png,,https://docs.mcneel.com/rhino/9/help/en-us/commands/extrudemesh.htm
,ExtrudeSrf,Rhino,Solid,Thickens a surface by extruding it straight into a closed solid. Used to give floor plates and panels physical depth for booleans and sections.,,,beginner,Solid|Create|Extrusion,create,solid|surface,thicken,/rhino9-icons/extrudesrf.png,,https://docs.mcneel.com/rhino/9/help/en-us/commandlist/command_list.htm
,ExtrudeSrfAlongCrv,Rhino,Solid,"Sweeps a surface along a path curve, producing the solid it traces out. Useful for creating swept solids where a profile face must travel a curved route — a moulded string, a curved wall from its section.",,,intermediate,Solid|Extrude|Sweep,create,solid|surface|curve,thicken,/rhino9-icons/extrudesrfalongcrv.png,,https://docs.mcneel.com/rhino/9/help/en-us/commands/extrudesrfalongcrv.htm
,ExtrudeSrfTapered,Rhino,Solid,"Extrudes a surface with a draft angle so its sides slope as they rise. Useful for foundations, moulds and casting geometry needing release angles.",,,intermediate,Solid|Create|Extrusion,create,solid|surface,thicken,/rhino9-icons/extrudesrftapered.png,,https://docs.mcneel.com/rhino/9/help/en-us/commandlist/command_list.htm
,ExtrudeSrfToPoint,Rhino,Solid,"Extrudes a surface so it tapers to a single apex point, producing a pyramid- or cone-like solid from any face. Handy for spires, funnels and quick massing of pitched forms.",,,intermediate,Solid|Extrude|Taper,create,solid|surface,thicken,/rhino9-icons/extrudesrftopoint.png,,https://docs.mcneel.com/rhino/9/help/en-us/commands/extrudesrftopoint.htm
,ExtrudeSubD,Rhino,SubD,"Extrudes SubD faces or edges outwards, adding connected new faces while keeping everything a single smooth SubD. One of the fundamental moves of SubD box-modelling — grow limbs, fins and volumes straight out of the form.",,,intermediate,SubD|Extrude|Modelling,create|edit,subd,thicken,/rhino9-icons/extrudesubd.png,,https://docs.mcneel.com/rhino/9/help/en-us/commands/extrudesubd.htm
,Fair,Rhino,Curve,Gently re-smooths a curve to remove kinks and wobbles in its curvature while keeping close to its original shape. Used on imported or traced curves before building quality surfaces from them.,,,advanced,Curve|Edit|Smoothing,edit,curve,smooth,/rhino9-icons/fair.png,,https://docs.mcneel.com/rhino/9/help/en-us/commandlist/command_list.htm
,Fillet,Rhino,Curve,"Joins two curves with a tangent arc of a given radius, trimming them back to meet it. The standard way to round corners in plans and profiles.",,,beginner,Curve|Edit|Corner,edit,curve,cut|join,/rhino9-icons/fillet.png,,https://docs.mcneel.com/rhino/9/help/en-us/commandlist/command_list.htm
,FilletCorners,Rhino,Curve,Rounds every corner of a polyline or polycurve with one radius in a single operation. Saves picking corner pairs one by one on panel outlines and plan shapes.,,,beginner,Curve|Edit|Corner,edit,curve,cut|join,,,https://docs.mcneel.com/rhino/9/help/en-us/commandlist/command_list.htm
,FilletEdge,Rhino,Solid,"Rounds selected edges of a solid with constant or variable radii, handling the corner patches automatically. The standard finishing tool for softening built edges before rendering or fabrication.",,,intermediate,Solid|Edit|Corner,edit,solid,smooth|cut,/rhino9-icons/filletedge.png,,https://docs.mcneel.com/rhino/9/help/en-us/commandlist/command_list.htm
,FilletSrf,Rhino,Surface,Inserts a constant-radius rounded surface between two surfaces and can trim them to fit. Used for radiused junctions between individual surfaces rather than solid edges.,,,intermediate,Surface|Edit|Corner,edit,surface,cut|join,,,https://docs.mcneel.com/rhino/9/help/en-us/commandlist/command_list.htm
,FillMeshHole,Rhino,Mesh,Caps a single naked hole in a mesh with new faces. Quick patching during mesh repair for printing or rendering.,,,intermediate,Mesh|Repair|Holes,edit,mesh,join,/rhino9-icons/fillmeshhole.png,,https://docs.mcneel.com/rhino/9/help/en-us/commandlist/command_list.htm
,FillMeshHoles,Rhino,Mesh,Caps every closed naked border in a mesh in one pass. The bulk version of FillMeshHole for making scans watertight.,,,intermediate,Mesh|Repair|Holes,edit,mesh,join,,,https://docs.mcneel.com/rhino/9/help/en-us/commandlist/command_list.htm
,Fin,Rhino,Surface,"Extrudes a curve lying on a surface along the surface's normals (or at an angle to them), creating a fin-like surface that stands off the base. Ideal for ribs, brims, flanges and stiffeners that must follow a curved parent surface.",,,advanced,Surface|Extrude|Normal,create,surface|curve,offset,/rhino9-icons/fin.png,,https://docs.mcneel.com/rhino/9/help/en-us/commands/fin.htm
,FindText,Rhino,Edit,"Searches the model for text objects, dots, leaders and annotations containing a given string, and can zoom to and select the matches. Lifesaver on large drawing files when you need to find every instance of a room name or note.",,,beginner,Text|Search|Annotation,organise|document,annotation,,/rhino9-icons/findtext.png,,https://docs.mcneel.com/rhino/9/help/en-us/commands/findtext.htm
,FitCrv,Rhino,Curve,"Refits a curve to a given tolerance with fewer control points. A quick way to tame dense curves from tracing, intersections or imported data.",,,intermediate,Curve|Edit|Clean-up,edit,curve,smooth,/rhino9-icons/fitcrv.png,,https://docs.mcneel.com/rhino/9/help/en-us/commandlist/command_list.htm
,FitSrf,Rhino,Surface,"Refits a surface to a specified tolerance, adjusting its control-point structure — often dramatically simplifying over-dense surfaces. Use it to lighten heavy imported surfaces while keeping shape deviation within tolerance.",,,advanced,Surface|Rebuild|Simplify,edit,surface,smooth,/rhino9-icons/fitsrf.png,,https://docs.mcneel.com/rhino/9/help/en-us/commands/fitsrf.htm
,FixedLengthCrvEdit,Rhino,Curve,"Lets you drag and reshape a curve while Rhino preserves its overall length exactly. Invaluable when the curve represents something physically inextensible — a cable, chain, strip of material — that must keep its length as it moves.",,,advanced,Curve|Editing|Constraint,edit,curve,move,/rhino9-icons/fixedlengthcrvedit.png,,https://docs.mcneel.com/rhino/9/help/en-us/commands/fixedlengthcrvedit.htm
,FlatShade,Rhino,View,"Toggles flat shading in the viewport, rendering each mesh facet as a hard plane instead of smoothing across them. Reveals the true underlying render mesh — useful for judging mesh density and diagnosing shading artefacts.",,,intermediate,Display|Shading|Mesh,visualise,view|mesh,,/rhino9-icons/flatshade.png,,https://docs.mcneel.com/rhino/9/help/en-us/commands/flatshade.htm
,FlattenSrf,Rhino,Surface,"Produces a flat, planar version of a surface based on its untrimmed UV structure, keeping the trim curves in place on the flat copy. Combined with ApplyCrv and ApplyMesh, it underpins flatten–design–rewrap workflows for decorating curved surfaces.",,,advanced,Surface|Flattening|UV,create,surface,,/rhino9-icons/flattensrf_rt.png,,https://docs.mcneel.com/rhino/9/help/en-us/commands/flattensrf.htm
,Flip,Rhino,Edit,"Reverses the direction of curves, or the normals of surfaces and meshes. Fixes offsets going the wrong way and dark, inside-out faces in renders.",,,beginner,Edit|Direction|Normals,edit,curve|surface|mesh,,/rhino9-icons/flip.png,,https://docs.mcneel.com/rhino/9/help/en-us/commandlist/command_list.htm
,Flow,Rhino,Transform,"Re-shapes objects from along a straight base curve onto a target curve, bending them to follow it. The classic trick for modelling straight, then curving the result along a path.",,,advanced,Transform|Deform|Path,transform|edit,curve|surface|solid|subd|mesh,,/rhino9-icons/flow.png,,https://docs.mcneel.com/rhino/9/help/en-us/commandlist/command_list.htm
,FlowAlongSrf,Rhino,Transform,"Maps objects from a flat base surface onto a target surface, morphing them to its curvature. The standard route for applying panel systems and patterns designed flat onto doubly curved facades.",,,advanced,Transform|Deform|Surface,transform|edit,curve|surface|solid|subd|mesh,,/rhino9-icons/flowalongsrf.png,,https://docs.mcneel.com/rhino/9/help/en-us/commandlist/command_list.htm
,Fullscreen,Rhino,View,"Expands the viewport to fill the screen, hiding interface panels. Ideal for design reviews and client presentations without leaving Rhino.",,,beginner,View|Presentation|Workspace,visualise,view,,,,https://docs.mcneel.com/rhino/9/help/en-us/commandlist/command_list.htm
,GCon,Rhino,Analyze,"Reports the geometric continuity — G0 position, G1 tangency, G2 curvature — between the ends of two curves. The objective test when you need to know whether two curves genuinely flow into one another.",,,advanced,Analysis|Continuity|Curves,analyse,curve,measure,/rhino9-icons/gcon.png,,https://docs.mcneel.com/rhino/9/help/en-us/commands/gcon.htm
,GetDocumentUserText,Rhino,File,Reads and reports the document user text stored in the file — the named key/value pairs such as project number or revision. Chiefly useful in scripts and macros that need those values.,,,advanced,Metadata|Data|Scripting,document|analyse,,,,,https://docs.mcneel.com/rhino/9/help/en-us/commands/getdocumentusertext.htm
,GetUserText,Rhino,Edit,"Reads and reports the user text attached to selected objects — per-object key/value data such as part numbers or specifications. The retrieval half of Rhino's simple object-data system, alongside SetUserText.",,,advanced,Metadata|Data|Attributes,document|analyse,,,,,https://docs.mcneel.com/rhino/9/help/en-us/commands/getusertext.htm
,GlobalEdgeContinuity,Rhino,Analyze,"Displays continuity analysis across the matched edges of a model at once, rather than one edge pair at a time. Lets surface modellers audit an entire patch layout for position, tangency and curvature quality in a single view.",,,advanced,Analysis|Continuity|Surface Quality,analyse|visualise,surface,measure,/rhino9-icons/new9.png,,https://docs.mcneel.com/rhino/9/help/en-us/commands/globaledgecontinuity.htm
,GradientView,Rhino,View,"Toggles a graduated background in the viewport in place of the flat background colour. Purely cosmetic, but a two-tone backdrop instantly makes screenshots and client-facing views feel more finished.",,,beginner,Display|Background|Presentation,visualise,view,,,,https://docs.mcneel.com/rhino/9/help/en-us/commands/gradientview.htm
,Grasshopper,Rhino,Tools,"Opens Grasshopper, Rhino's visual programming environment for parametric and generative design. The centre of computational workflows from facade panelisation to environmental studies.",,,advanced,Tools|Parametric|Computation,create|organise,,,/rhino9-icons/grasshopper.png,,https://docs.mcneel.com/rhino/9/help/en-us/commandlist/command_list.htm
,GrasshopperDeveloperSettings,Rhino,Tools,"Opens Grasshopper's developer settings, controlling assembly folders and how add-on libraries are loaded. Strictly for people writing or debugging Grasshopper components.",,,advanced,Grasshopper|Development|Settings,organise,,,,,https://docs.mcneel.com/rhino/9/help/en-us/commands/grasshopperdevelopersettings.htm
,GrasshopperFolders,Rhino,Tools,"Opens Grasshopper's special folders — Libraries, UserObjects and friends — directly in the file explorer. The quick route to installing a downloaded plug-in or backing up custom clusters.",,,intermediate,Grasshopper|Plug-ins|Files,organise,,,,,https://docs.mcneel.com/rhino/9/help/en-us/commands/grasshopperfolders.htm
,GrasshopperGetSDKDocumentation,Rhino,Tools,Retrieves the Grasshopper SDK documentation for component developers. Only relevant if you are programming your own Grasshopper components.,,,advanced,Grasshopper|Development|Documentation,document,,,,,https://docs.mcneel.com/rhino/9/help/en-us/commands/grasshoppergetsdkdocumentation.htm
,GrasshopperLoadOneByOne,Rhino,Tools,"Loads Grasshopper add-on libraries one at a time with a prompt between each, so a crashing or misbehaving plug-in can be identified by elimination. The classic troubleshooting mode when Grasshopper will not start cleanly.",,,advanced,Grasshopper|Troubleshooting|Plug-ins,analyse|organise,,,,,https://docs.mcneel.com/rhino/9/help/en-us/commands/grasshopperloadonebyone.htm
,GrasshopperPlayer,Rhino,Tools,"Runs a Grasshopper definition as if it were a native command, prompting for inputs without opening the canvas. Lets teams share parametric tools with colleagues who never touch Grasshopper.",,,intermediate,Tools|Parametric|Automation,create|organise,,,,,https://docs.mcneel.com/rhino/9/help/en-us/commandlist/command_list.htm
,GrasshopperPluginList,Rhino,Tools,Reports the Grasshopper add-on libraries present in this installation. Useful for auditing what is loaded when diagnosing conflicts or documenting a workstation setup.,,,advanced,Grasshopper|Plug-ins|Diagnostics,analyse|document,,,,,https://docs.mcneel.com/rhino/9/help/en-us/commands/grasshopperpluginlist.htm
,Grid,Rhino,View,"Adjusts the construction plane grid's extents, spacing and snap intervals. Worth setting early so the grid matches your project's planning module.",,,beginner,View|CPlane|Settings,organise,view,,,,https://docs.mcneel.com/rhino/9/help/en-us/commandlist/command_list.htm
,GroundPlane,Rhino,Render,"Controls the infinite ground plane used in rendered and raytraced views — its height, material and whether it only catches shadows. The fastest way to ground a model so renders stop floating in space.",,,beginner,Rendering|Ground Plane|Environment,visualise|organise,,,/rhino9-icons/groundplane.png,,https://docs.mcneel.com/rhino/9/help/en-us/commands/groundplane.htm
,Group,Rhino,Edit,Binds selected objects into a group that selects as one. Light-touch organisation for furniture sets and repeated assemblies that do not warrant a block.,Ctrl+G,,beginner,Edit|Groups|Organisation,organise,curve|surface|solid|subd|mesh|point,join,/rhino9-icons/group.png,,https://docs.mcneel.com/rhino/9/help/en-us/commandlist/command_list.htm
,Gumball,Rhino,Transform,"Toggles the on-object widget that drags, rotates and scales selections along its arrows and arcs, with extrude and copy modifiers. Most designers leave it on as their primary hands-on transform tool.",,,beginner,Transform|Widget|Workflow,transform|edit,curve|surface|solid|subd|mesh|point,move|rotate|scale,/rhino9-icons/gumball.png,,https://docs.mcneel.com/rhino/9/help/en-us/commandlist/command_list.htm
,GumballAlignment,Rhino,Transform,"Sets which frame the gumball widget aligns to — the construction plane, the object itself, or world axes. Switching alignment is the difference between dragging a rotated panel along its own edge and along the world grid.",,,intermediate,Gumball|Settings|Transform,organise|transform,,,,,https://docs.mcneel.com/rhino/9/help/en-us/commands/gumballalignment.htm
,GumballAutoReset,Rhino,Transform,"Toggles whether a manually relocated gumball snaps back to its default position after each use, or stays where you put it. A workflow preference for heavy gumball users who repeatedly transform about a custom pivot.",,,intermediate,Gumball|Settings,organise,,,,,https://docs.mcneel.com/rhino/9/help/en-us/commands/gumballautoreset.htm
,GumballRelocate,Rhino,Transform,"Moves and reorients the gumball widget itself without moving the selected objects, setting a custom pivot and axes for the next transformation. Essential for rotating or scaling about a specific corner, edge or datum rather than the selection's centre.",,,intermediate,Gumball|Pivot|Transform,organise|transform,,,,,https://docs.mcneel.com/rhino/9/help/en-us/commands/gumballrelocate.htm
,GumballReset,Rhino,Transform,"Returns the gumball widget to its default position, orientation and settings for the current selection. The quick fix after relocating or reorienting the gumball leaves it somewhere unhelpful.",,,beginner,Gumball|Settings,organise,,,,,https://docs.mcneel.com/rhino/9/help/en-us/commands/gumballreset.htm
,GumballScaleMode,Rhino,Transform,Sets how the gumball's scale handles behave — whether dragging one handle scales in that single direction or scales the selection uniformly in all directions. Worth knowing so a quick handle-drag stretches or resizes exactly as intended.,,,intermediate,Gumball|Settings|Scale,organise|transform,,scale,,,https://docs.mcneel.com/rhino/9/help/en-us/commands/gumballscalemode.htm
,GumballSettings,Rhino,Tools,"Opens the settings for the gumball manipulation widget, letting you tune drag behaviour, snapping and which handles are shown. Reach for it when the gumball feels too twitchy or is cluttering the viewport.",,,beginner,Interface|Gumball,transform|organise,,,,,https://docs.mcneel.com/rhino/9/help/en-us/commands/gumballsettings.htm
,HandleCurve,Rhino,Curve,"Draws a curve by placing points with adjustable tangent handles, much like pen-tool drawing in illustration software. Useful when you want direct control over tangency as you sketch a profile.",,,intermediate,Curve|Drawing,create,curve,,/rhino9-icons/handlecurve.png,,https://docs.mcneel.com/rhino/9/help/en-us/commands/handlecurve.htm
,Hatch,Rhino,Dimension,Fills closed boundaries with a pattern or solid fill. Brings plans and sections up to drawing standard with material and poche indication.,,,beginner,Dimension|Annotation|Drafting,document,annotation|curve,annotate,/rhino9-icons/hatch.png,,https://docs.mcneel.com/rhino/9/help/en-us/commandlist/command_list.htm
,HatchBase,Rhino,Dimension,"Sets the base point from which hatch patterns are measured, so pattern lines align consistently across a drawing. Designers use it to line up brick or tile hatches with actual wall setting-out.",,,intermediate,Hatch|Annotation,document,annotation,annotate,,,https://docs.mcneel.com/rhino/9/help/en-us/commands/hatchbase.htm
,HatchScale,Rhino,Dimension,"Controls the global scaling applied to hatch patterns in the model, so you can tune pattern density across every hatch at once. Handy when hatches read too dense or too sparse at your printing scale.",,,intermediate,Hatch|Annotation,document|edit,annotation,scale,,,https://docs.mcneel.com/rhino/9/help/en-us/commands/hatchscale.htm
,HBar,Rhino,Edit,"Turns on the handlebar editor, which lets you drag a tangent handlebar along a curve or surface to reshape it intuitively. A friendlier alternative to raw control-point editing for smooth shape tweaks.",,,intermediate,Curve|Surface|Editing,edit,curve|surface,smooth,,,https://docs.mcneel.com/rhino/9/help/en-us/commands/hbar.htm
,Heightfield,Rhino,Surface,Generates a relief surface or mesh from the light and dark values of an image. Handy for quick terrain from greyscale maps and textured feature walls.,,,intermediate,Surface|Create|Image,create,surface|mesh,,/rhino9-icons/heightfield.png,,https://docs.mcneel.com/rhino/9/help/en-us/commandlist/command_list.htm
,Helix,Rhino,Curve,"Draws a 3D helix around an axis with a set number of turns and pitch. The base curve for spiral stairs, coiled details and threaded forms.",,,intermediate,Curve|3D|Spiral,create,curve,,/rhino9-icons/helix.png,,https://docs.mcneel.com/rhino/9/help/en-us/commandlist/command_list.htm
,Help,Rhino,Tools,"Opens Rhino's help system, jumping to the topic for the current command when one is running. The quickest way to check a command's options mid-task.",,,beginner,Interface|Reference,organise,,,/rhino9-icons/help.png,,https://docs.mcneel.com/rhino/9/help/en-us/commands/help.htm
,Hide,Rhino,Edit,Makes selected objects invisible without deleting them. Constant tool for decluttering the view while working on something behind or inside.,,,beginner,Edit|Visibility,organise|visualise,curve|surface|solid|subd|mesh|point|annotation,,/rhino9-icons/hide.png,,https://docs.mcneel.com/rhino/9/help/en-us/commandlist/command_list.htm
,HideInDetail,Rhino,Edit,"Hides the selected objects only within the active layout detail, leaving them visible in the model and in other details. Essential for tailoring what each drawing view shows on a sheet.",,,intermediate,Visibility|Layout,organise|document,layout,,,,https://docs.mcneel.com/rhino/9/help/en-us/commands/hideindetail.htm
,HideLayersInDetail,Rhino,Edit,"Turns off the layers of the selected objects, but only in the active layout detail. Lets each detail on a sheet show a different mix of layers without touching the model-wide layer states.",,,intermediate,Visibility|Layers|Layout,organise|document,layer|layout,,,,https://docs.mcneel.com/rhino/9/help/en-us/commands/hidelayersindetail.htm
,HidePt,Rhino,Edit,Hides the selected control points so they stay out of the way while you edit the rest. Useful on dense point grids where accidental grabs are a constant risk.,,,intermediate,Control Points|Visibility,organise|edit,point,,,,https://docs.mcneel.com/rhino/9/help/en-us/commands/hidept.htm
,HideSwap,Rhino,Edit,Swaps the visibility state of everything: hidden objects become visible and visible objects become hidden. A quick way to flip between two working sets of geometry.,,,beginner,Visibility,organise,,,,,https://docs.mcneel.com/rhino/9/help/en-us/commands/hideswap.htm
,HighlightObjectLayers,Rhino,Edit,"Highlights the layers of the selected objects in the Layers panel so you can see instantly where things live. A lifesaver in models with long, deeply nested layer trees.",,,beginner,Layers|Selection,organise,layer,,,,https://docs.mcneel.com/rhino/9/help/en-us/commands/highlightobjectlayers.htm
,History,Rhino,Edit,Controls recording of parent-child links so edits to input curves update dependent surfaces automatically. Powerful for iterative design where profiles keep changing after lofts and sweeps are built.,,,advanced,Edit|History|Parametric,edit|organise,curve|surface,,/rhino9-icons/history.png,,https://docs.mcneel.com/rhino/9/help/en-us/commandlist/command_list.htm
,HistoryPurge,Rhino,Edit,"Removes construction-history records from the selected objects, breaking the parent-child update link. Do this when history is no longer wanted or is causing unexpected updates.",,,intermediate,History,organise|edit,,,,,https://docs.mcneel.com/rhino/9/help/en-us/commands/historypurge.htm
,HistoryUpdate,Rhino,Edit,"Forces history-linked child objects to update to match their edited parents. Used when history updating is set to manual, or when you want to trigger a refresh on demand.",,,intermediate,History,edit|organise,,,,,https://docs.mcneel.com/rhino/9/help/en-us/commands/historyupdate.htm
,Hydrostatics,Rhino,Analyze,"Calculates hydrostatic values such as displaced volume, waterline area and centre of buoyancy for hull-like surfaces and solids. A marine design tool for checking how a hull sits in the water.",,,advanced,Analysis|Marine,analyse,surface|solid|mesh,measure,/rhino9-icons/hydrostatics.png,,https://docs.mcneel.com/rhino/9/help/en-us/commands/hydrostatics.htm
,Hyperbola,Rhino,Curve,Draws a hyperbola from focus and vertex parameters. A niche precision curve for shell structures and reflector studies.,,,advanced,Curve|Precision|Conic,create,curve,,,,https://docs.mcneel.com/rhino/9/help/en-us/commandlist/command_list.htm
,Hyperlink,Rhino,Edit,"Attaches a web address to an object so supporting information, such as a product page or specification, is one click away. Useful for embedding references directly into a model.",,,beginner,Attributes,organise|document,,,/rhino9-icons/hyperlink.png,,https://docs.mcneel.com/rhino/9/help/en-us/commands/hyperlink.htm
,IgesImportOptions,Rhino,File,"Sets the options Rhino uses when importing IGES files, such as which translation preset to apply. Reach for it when IGES data from a consultant comes in badly and needs different import handling.",,,advanced,Import/Export|IGES,organise,,,,,https://docs.mcneel.com/rhino/9/help/en-us/commands/igesimportoptions.htm
,Import,Rhino,File,"Brings geometry from another file into the current model, converting from formats like DWG, IGES, STEP, SKP and OBJ. The daily bridge to consultant and product data.",,,beginner,File|Exchange|Formats,organise|create,,,,,https://docs.mcneel.com/rhino/9/help/en-us/commandlist/command_list.htm
,ImportAnnotationStyles,Rhino,Dimension,"Imports annotation styles from another Rhino file into the current model, so dimensions and text match office standards. Saves rebuilding styles by hand on every new project.",,,intermediate,Annotation|Standards,document|organise,annotation,,,,https://docs.mcneel.com/rhino/9/help/en-us/commands/importannotationstyles.htm
,ImportLayout,Rhino,File,"Brings layout pages from another Rhino file into the current model, including their details and title-block geometry. Ideal for reusing a practice's standard sheet setups.",,,intermediate,Layout|Import/Export,document|organise,layout,,,,https://docs.mcneel.com/rhino/9/help/en-us/commands/importlayout.htm
,IncrementalSave,Rhino,File,"Saves a numbered copy each time it runs, building a version trail. A lightweight manual version control habit for design development.",,,beginner,File|Document|Versions,organise,,copy,,,https://docs.mcneel.com/rhino/9/help/en-us/commandlist/command_list.htm
,InfinitePlane,Rhino,Surface,"Creates an infinite plane object that other commands can use, for example as a cutter in intersections or booleans where a bounded plane would be too small. A construction helper rather than final geometry.",,,intermediate,Surface|Construction,create,surface,,/rhino9-icons/iplane.png,,https://docs.mcneel.com/rhino/9/help/en-us/commands/iplane.htm
,Insert,Rhino,Edit,"Places an instance of a block definition, or an external file as a block, at a chosen point and scale. The entry point for component-based and referenced modelling.",,,intermediate,Edit|Blocks|Organisation,organise|create,curve|surface|solid|mesh,copy,/rhino9-icons/insert.png,,https://docs.mcneel.com/rhino/9/help/en-us/commandlist/command_list.htm
,InsertControlPoint,Rhino,Edit,"Adds a control point to a curve, or a whole row of points to a surface, where you click. Gives finer local control before detailed point editing.",,,intermediate,Control Points|Editing,edit,curve|surface,,/rhino9-icons/insertcontrolpoint.png,,https://docs.mcneel.com/rhino/9/help/en-us/commands/insertcontrolpoint.htm
,InsertEdge,Rhino,SubD,Adds new edge loops across SubD faces to tighten or add detail in a region. The main way to control how crisp or soft a sculpted feature reads.,,,intermediate,SubD|Edit|Edges,edit,subd,,/rhino9-icons/insertedge.png,,https://docs.mcneel.com/rhino/9/help/en-us/commandlist/command_list.htm
,InsertEditPoint,Rhino,Edit,"Adds an edit point to a curve, inserting the underlying knot so the curve gains a new point it passes through. Useful when you edit curves via edit points rather than control points.",,,intermediate,Control Points|Editing,edit,curve,,,,https://docs.mcneel.com/rhino/9/help/en-us/commands/inserteditpoint.htm
,InsertKink,Rhino,Edit,Inserts a kink at a chosen point on a curve so it can form a sharp corner there. Use it when a smooth curve needs to break into an angle without being split into pieces.,,,intermediate,Curve|Editing,edit,curve,,,,https://docs.mcneel.com/rhino/9/help/en-us/commands/insertkink.htm
,InsertKnot,Rhino,Curve,"Adds a knot to a curve or surface, creating extra control points at that parameter without changing the shape. Gives finer local editing control exactly where you need it.",,,advanced,Curve|Edit|Control points,edit,curve|surface,,,,https://docs.mcneel.com/rhino/9/help/en-us/commandlist/command_list.htm
,InsertLineIntoCrv,Rhino,Curve,Replaces the portion of a curve between two picked points with a straight line segment. A tidy way to flatten part of a freeform curve without trimming and rejoining by hand.,,,intermediate,Curve|Editing,edit,curve,,/rhino9-icons/insertlineintocrv.png,,https://docs.mcneel.com/rhino/9/help/en-us/commands/insertlineintocrv.htm
,InsertPoint,Rhino,SubD,"Adds vertices along SubD edges, splitting the neighbouring faces. Fine-grained alternative to InsertEdge when only part of a loop needs extra control.",,,advanced,SubD|Edit|Vertices,edit,subd,,/rhino9-icons/insertpoint.png,,https://docs.mcneel.com/rhino/9/help/en-us/commandlist/command_list.htm
,Inset,Rhino,Solid,"Creates a smaller face inside a chosen face at a set margin, ready to push or pull. Added in Rhino 8, it pairs with PushPull for panelled and recessed detailing.",,,beginner,Solid|Edit|Direct modelling,edit,solid|surface|subd,offset,/rhino9-icons/inset_subd.png,,https://docs.mcneel.com/rhino/9/help/en-us/commandlist/command_list.htm
,InterpCrv,Rhino,Curve,"Draws a smooth curve that passes exactly through each picked point. Reach for it when tracing site outlines, sections or scanned drawings where the curve must hit known positions.",,,beginner,Curve|Free-form|Tracing,create,curve,,,,https://docs.mcneel.com/rhino/9/help/en-us/commandlist/command_list.htm
,InterpCrvOnSrf,Rhino,Curve,"Draws an interpolated curve that lies directly on a surface, following its curvature between picked points. Useful for laying out seams, panel joints or path lines across doubly curved forms.",,,intermediate,Curve|Surface|On-surface,create,curve|surface,,/rhino9-icons/interpcrvonsrf.png,,https://docs.mcneel.com/rhino/9/help/en-us/commandlist/command_list.htm
,Intersect,Rhino,Curve,"Creates curves or points where selected objects cross each other. Used constantly to find true junction lines between roofs, walls and complex surfaces.",,,beginner,Curve|From objects|Intersection,create|analyse,curve|surface|solid|mesh|point,,/rhino9-icons/intersect.png,,https://docs.mcneel.com/rhino/9/help/en-us/commandlist/command_list.htm
,IntersectSelf,Rhino,Curve,"Finds the places where an object crosses itself and marks the self-intersections. Helpful for diagnosing problem curves or meshes before offsets, booleans or fabrication.",,,intermediate,Analysis|Intersection,analyse|create,curve|mesh,,/rhino9-icons/intersectself.png,,https://docs.mcneel.com/rhino/9/help/en-us/commands/intersectself.htm
,IntersectTwoSets,Rhino,Curve,"Intersects every object in one set with the objects in a second set, ignoring intersections within each set. Cleaner than plain Intersect when you only care about crossings between two families of geometry.",,,intermediate,Intersection|Curve From Objects,create|analyse,curve|surface|mesh,,,,https://docs.mcneel.com/rhino/9/help/en-us/commands/intersecttwosets.htm
,Invert,Rhino,Edit,"Swaps the selection to everything currently unselected. Handy trick: select what you want to keep, invert, then hide or delete the rest.",,,beginner,Edit|Selection,organise,curve|surface|solid|subd|mesh|point,,,,https://docs.mcneel.com/rhino/9/help/en-us/commandlist/command_list.htm
,InvertPt,Rhino,Edit,"Inverts the current control-point selection, deselecting picked points and selecting the rest. Speeds up point editing when it is easier to pick what you do not want.",,,beginner,Control Points|Selection,organise,point,,,,https://docs.mcneel.com/rhino/9/help/en-us/commands/invertpt.htm
,Isolate,Rhino,Edit,Hides everything except the selected objects in one step. The fastest way to focus on a single element inside a dense model.,,,beginner,Edit|Visibility|Focus,organise|visualise,curve|surface|solid|subd|mesh|point,,,,https://docs.mcneel.com/rhino/9/help/en-us/commandlist/command_list.htm
,IsolateLock,Rhino,Edit,"Isolates the selection by locking everything else instead of hiding it, so surrounding geometry stays visible for context but cannot be selected or snagged. Good for focused edits inside a busy model.",,,beginner,Visibility|Locking,organise,,,,,https://docs.mcneel.com/rhino/9/help/en-us/commands/isolatelock.htm
,IsolateToViewports,Rhino,Edit,"Isolates the selected objects on a per-viewport basis, hiding everything else only in the chosen viewport while other viewports stay complete. Useful for comparing a focused view with the full model side by side.",,,intermediate,Visibility|Viewport,organise|visualise,view,,/rhino9-icons/new9.png,,https://docs.mcneel.com/rhino/9/help/en-us/commands/isolatetoviewports.htm
,Isometric,Rhino,View,Sets the viewport to an isometric parallel projection from a chosen quadrant such as north-east or south-west. The classic axonometric-style view architects use for explanatory drawings.,,,beginner,View|Projection,visualise,view,navigate,/rhino9-icons/isometric.png,,https://docs.mcneel.com/rhino/9/help/en-us/commands/isometric.htm
,Join,Rhino,Edit,"Connects touching curves into polycurves, or surfaces into polysurfaces and closed solids. The glue command used constantly to assemble edited geometry back together.",,,beginner,Edit|Combine,edit,curve|surface|mesh,join,/rhino9-icons/join.png,,https://docs.mcneel.com/rhino/9/help/en-us/commandlist/command_list.htm
,JoinEdge,Rhino,Analyze,Force-joins two naked edges that sit outside joining tolerance. A repair tool of last resort for gappy polysurfaces; use sparingly as it hides rather than fixes the underlying gap.,,,advanced,Edge Tools|Repair,edit,surface|solid,join,/rhino9-icons/joinedge.png,,https://docs.mcneel.com/rhino/9/help/en-us/commands/joinedge.htm
,Lasso,Rhino,Edit,"Selects objects by drawing a freehand loop around them, rather than a rectangular window. Handy when the things you want are scattered among things you do not.",,,beginner,Selection,organise,,,,,https://docs.mcneel.com/rhino/9/help/en-us/commands/lasso.htm
,Layer,Rhino,Edit,"Opens the layers panel to create, rename, colour and structure layers and sublayers. The heart of model organisation in every professional Rhino file.",,,beginner,Edit|Layers|Organisation,organise,layer,,/rhino9-icons/layer.png,,https://docs.mcneel.com/rhino/9/help/en-us/commandlist/command_list.htm
,Layer States,Rhino,Edit,"Opens the Layer States panel, where you save and restore snapshots of layer visibility, colour and lock settings. Perfect for flipping between drawing setups such as plans, presentations and working states.",,,intermediate,Layers|Panels,organise,layer,,,,https://docs.mcneel.com/rhino/9/help/en-us/commands/layerstatemanager.htm
,LayerBook,Rhino,View,"Steps through the model's layers one at a time like slides, showing each in turn. Useful for assembly sequences or walking a client through a scheme layer by layer.",,,intermediate,Layers|Presentation,visualise|organise,layer,,/rhino9-icons/layerbook.png,,https://docs.mcneel.com/rhino/9/help/en-us/commands/layerbook.htm
,LayerStateManager,Rhino,Edit,"Saves and restores named combinations of layer visibility, colour and locking. Lets one model serve many outputs, like planning drawings versus detail packages.",,,intermediate,Edit|Layers|States,organise|document,layer,,,,https://docs.mcneel.com/rhino/9/help/en-us/commandlist/command_list.htm
,Layout,Rhino,View,"Creates a paper-space page with a title-block-ready sheet and viewports onto the model. The starting point for issuing scaled, printable drawings straight from Rhino.",,,intermediate,View|Documentation|Sheets,document,layout|view,,/rhino9-icons/layout.png,,https://docs.mcneel.com/rhino/9/help/en-us/commandlist/command_list.htm
,LayoutProperties,Rhino,View,"Edits the properties of the active layout page, such as its name and paper size. Use it to fix a sheet set up at the wrong size without recreating it.",,,intermediate,Layout,document,layout,,,,https://docs.mcneel.com/rhino/9/help/en-us/commands/layoutproperties.htm
,Layouts,Rhino,View,"Opens the Layouts panel listing every layout page in the file for quick navigation, renaming and management. Much faster than tab-hunting in documents with many sheets.",,,beginner,Layout|Panels,document|organise,layout,,/rhino9-icons/layouts.png,,https://docs.mcneel.com/rhino/9/help/en-us/commands/layouts.htm
,Leader,Rhino,Dimension,Draws an arrowed leader line with attached text. The standard tool for calling up notes against specific parts of a drawing.,,,beginner,Dimension|Annotation|Notes,document,annotation,annotate,/rhino9-icons/leader.png,,https://docs.mcneel.com/rhino/9/help/en-us/commandlist/command_list.htm
,Length,Rhino,Analyze,"Reports the true length of curves and edges. Used for quantities such as handrail runs, skirting lengths and cable routes.",,,beginner,Analyze|Measure,analyse,curve,measure,/rhino9-icons/length.png,,https://docs.mcneel.com/rhino/9/help/en-us/commandlist/command_list.htm
,Libraries,Rhino,Render,"Opens the Libraries panel for browsing content such as materials, environments and textures, ready to drag into the model. A shop window for render assets.",,,beginner,Panels|Rendering,organise|visualise,,,,,https://docs.mcneel.com/rhino/9/help/en-us/commands/libraries.htm
,Lights,Rhino,Render,"Opens the Lights panel listing all lights in the model, where you can select, toggle and edit them. The control room for a rendering's lighting setup.",,,intermediate,Rendering|Lighting|Panels,visualise|organise,,,/rhino9-icons/lights.png,,https://docs.mcneel.com/rhino/9/help/en-us/commands/lights.htm
,Line,Rhino,Curve,"Draws a single straight line between two picked points. The most basic drafting tool, used constantly for construction lines, edges and setting-out geometry.",,,beginner,Curve|Drawing|2D,create,curve,,/rhino9-icons/line.png,,https://docs.mcneel.com/rhino/9/help/en-us/commandlist/command_list.htm
,Lines,Rhino,Curve,"Draws a connected chain of line segments where each segment becomes a separate line object, unlike Polyline which makes one joined object. Useful when you want individually editable segments.",,,beginner,Curve|Drawing,create,curve,,,,https://docs.mcneel.com/rhino/9/help/en-us/commands/lines.htm
,LineThroughPt,Rhino,Curve,Fits a single best-fit line through a set of selected points. A quick regression helper for finding the underlying direction in survey points or scan data.,,,intermediate,Curve|Points,create,curve|point,,,,https://docs.mcneel.com/rhino/9/help/en-us/commands/linethroughpt.htm
,LinetypeDisplay,Rhino,View,"Controls how linetypes such as dashed and dotted patterns display in model viewports, including their scaling. Lets you check that centre lines and hidden lines will read correctly before printing.",,,intermediate,Display|Linetypes,visualise|document,,,,,https://docs.mcneel.com/rhino/9/help/en-us/commands/linetypedisplay.htm
,Linetypes,Rhino,File,"Opens the document's linetype list, where you load and manage dash patterns used by curves and layers. Set these up early so drawings export and print with correct line conventions.",,,intermediate,Attributes|Linetypes,organise|document,,,,,https://docs.mcneel.com/rhino/9/help/en-us/commands/linetypes.htm
,List,Rhino,Analyze,"Dumps the full internal data structure of an object, down to knots and control points. A deep debugging tool for advanced users and developers.",,,advanced,Analyze|Diagnostics,analyse,curve|surface|mesh,,,,https://docs.mcneel.com/rhino/9/help/en-us/commandlist/command_list.htm
,LoadScript,Rhino,Tools,Loads a RhinoScript file into the session so its subroutines are available to run. Part of the classic RhinoScript automation workflow.,,,advanced,Scripting,organise,,,,,https://docs.mcneel.com/rhino/9/help/en-us/commands/loadscript.htm
,Lock,Rhino,Edit,"Makes selected objects visible but unselectable, greyed in the viewport. Perfect for reference geometry and context you must see but never nudge.",,,beginner,Edit|Visibility|Protection,organise,curve|surface|solid|subd|mesh|point|annotation,,/rhino9-icons/lock.png,,https://docs.mcneel.com/rhino/9/help/en-us/commandlist/command_list.htm
,LockSwap,Rhino,Edit,Swaps the locked state of everything: locked objects unlock and unlocked objects lock. Quick for alternating between editing a set of objects and protecting it.,,,beginner,Locking|Visibility,organise,,,,,https://docs.mcneel.com/rhino/9/help/en-us/commands/lockswap.htm
,LockViewport,Rhino,View,Locks the active detail so its view cannot be accidentally panned or zoomed. Essential once a layout detail is set to a precise drawing scale.,,,intermediate,Layout|Viewport,document|organise,view|layout,,/rhino9-icons/lockviewport.png,,https://docs.mcneel.com/rhino/9/help/en-us/commands/lockviewport.htm
,Loft,Rhino,Surface,"Fits a surface through an ordered series of profile curves, with style options from tight to loose. A staple for canopies, hulls and any form defined by cross-sections.",,,intermediate,Surface|Create|Profiles,create,surface|curve,,/rhino9-icons/loft.png,,https://docs.mcneel.com/rhino/9/help/en-us/commandlist/command_list.htm
,Login,Rhino,Tools,Signs in to your Rhino account for licensing and cloud services. Needed when using Cloud Zoo licences or shared team resources.,,,beginner,Account|Licensing,organise,,,,,https://docs.mcneel.com/rhino/9/help/en-us/commands/login.htm
,Logout,Rhino,Tools,"Signs out of your Rhino account, releasing the licence and cloud services on this machine. Use it before switching accounts or freeing a licence for a colleague.",,,beginner,Account|Licensing,organise,,,,,https://docs.mcneel.com/rhino/9/help/en-us/commands/logout.htm
,MacroEditor,Rhino,Tools,"Opens an editor for writing and testing command macros, with a button to run them directly. The stepping stone between typed commands and full scripting.",,,advanced,Scripting|Macros,organise,,,,,https://docs.mcneel.com/rhino/9/help/en-us/commands/macroeditor.htm
,Macros,Rhino,Tools,"Opens the Macros panel where command macros can be stored, organised and run without writing full scripts. A convenient home for the repetitive command sequences you use every day.",,,intermediate,Scripting|Macros|Panels,organise,,,,,https://docs.mcneel.com/rhino/9/help/en-us/commands/macros.htm
,Maelstrom,Rhino,Transform,Spirals objects around an axis so they whirl progressively with radius. A specialist deformer for vortex-like patterns and twisted radial compositions.,,,advanced,Transform|Deform,transform|edit,curve|surface|solid|mesh,rotate,/rhino9-icons/maelstrom.png,,https://docs.mcneel.com/rhino/9/help/en-us/commandlist/command_list.htm
,Make2D,Rhino,Dimension,"Generates flat 2D line drawings of the model from a view, with hidden lines on separate layers. The bridge from 3D model to plans, sections and elevations for drafting.",,,intermediate,Dimension|Documentation|Drawings,document|create,curve|annotation|view,,/rhino9-icons/make2d.png,,https://docs.mcneel.com/rhino/9/help/en-us/commandlist/command_list.htm
,MakeHole,Rhino,Solid,Cuts a hole through a solid using a closed profile curve you supply. The general-purpose opening cutter for shaped penetrations and window reveals.,,,intermediate,Solid|Edit|Holes,edit,solid|curve,cut,/rhino9-icons/makehole.png,,https://docs.mcneel.com/rhino/9/help/en-us/commandlist/command_list.htm
,MakeNonPeriodic,Rhino,Edit,"Converts a closed periodic curve or surface into a non-periodic one, introducing a seam that can hold a kink. Sometimes needed before edits that require a defined start and end.",,,advanced,Curve|Surface|Editing,edit,curve|surface,,,,https://docs.mcneel.com/rhino/9/help/en-us/commands/makenonperiodic.htm
,MakePeriodic,Rhino,Curve,"Converts a closed curve or surface so it has no kink at its seam, making it smoothly continuous all the way round. Useful before building smooth closed lofts or revolves.",,,advanced,Curve|Edit|Continuity,edit,curve|surface,smooth,/rhino9-icons/makeperiodic.png,,https://docs.mcneel.com/rhino/9/help/en-us/commandlist/command_list.htm
,MakeSubDFriendly,Rhino,SubD,"Rebuilds a curve so its structure suits SubD tools, avoiding surprises when creating SubD geometry from curves. Run it on profile curves before lofting or sweeping into SubD.",,,intermediate,SubD|Curve,edit,curve|subd,,/rhino9-icons/makesubdfriendly.png,,https://docs.mcneel.com/rhino/9/help/en-us/commands/makesubdfriendly.htm
,MakeUniform,Rhino,Edit,"Makes the knot spacing of a curve or surface uniform, evening out how control points influence the shape. The geometry may shift slightly, so use it on design surfaces rather than fitted data.",,,advanced,Curve|Surface|Editing,edit,curve|surface,smooth,/rhino9-icons/makeuniform.png,,https://docs.mcneel.com/rhino/9/help/en-us/commands/makeuniform.htm
,MakeUniformUV,Rhino,Edit,"Makes a surface's knot spacing uniform in the U or V direction you choose, rather than both at once. Gives more control than MakeUniform when only one direction is misbehaving.",,,advanced,Surface|Editing,edit,surface,smooth,,,https://docs.mcneel.com/rhino/9/help/en-us/commands/makeuniformuv.htm
,MappingWidget,Rhino,Render,"Shows the texture-mapping widget for the selected objects so you can move, rotate and scale how textures wrap onto them. Reach for it when a material's pattern sits at the wrong size or angle.",,,intermediate,Rendering|Texture Mapping,visualise|edit,,,,,https://docs.mcneel.com/rhino/9/help/en-us/commands/mappingwidget.htm
,MappingWidgetOff,Rhino,Render,Hides the texture-mapping widgets shown by MappingWidget. Tidies the viewport once mapping adjustments are done.,,,intermediate,Rendering|Texture Mapping,visualise|organise,,,,,https://docs.mcneel.com/rhino/9/help/en-us/commands/mappingwidgetoff.htm
,MarkFoci,Rhino,Curve,"Places point objects at the foci of selected ellipses and conic curves. Useful for setting-out geometry that depends on focal points, such as reflector or whispering-gallery studies.",,,intermediate,Points|Curve,create|analyse,curve|point,,/rhino9-icons/markfoci.png,,https://docs.mcneel.com/rhino/9/help/en-us/commands/markfoci.htm
,Match,Rhino,Curve,"Adjusts the end of one curve to meet another with position, tangency or curvature continuity. Essential prep before lofting or sweeping surfaces that must flow together.",,,intermediate,Curve|Edit|Continuity,edit,curve,smooth|join,/rhino9-icons/match.png,,https://docs.mcneel.com/rhino/9/help/en-us/commandlist/command_list.htm
,MatchAnnotation,Rhino,Dimension,Applies the properties of one annotation to other annotations so notes and dimensions read consistently. A quick fix for drawings where text and dimension formatting has drifted.,,,intermediate,Annotation,document|edit,annotation,annotate,,,https://docs.mcneel.com/rhino/9/help/en-us/commands/matchannotation.htm
,MatchCrvDir,Rhino,Curve,"Flips the direction of curves to match a master curve. Worth running before lofting or sweeping, where mismatched curve directions cause twisted results.",,,intermediate,Curve|Editing,edit,curve,,/rhino9-icons/matchcurvedir.png,,https://docs.mcneel.com/rhino/9/help/en-us/commands/matchcrvdir.htm
,MatchLayer,Rhino,Edit,Moves selected objects onto the layer of a picked target object. Faster than hunting through the Layers panel when tidying a model's organisation.,,,beginner,Layers,organise,layer,,/rhino9-icons/matchlayer_rt.png,,https://docs.mcneel.com/rhino/9/help/en-us/commands/matchlayer.htm
,MatchMapping,Rhino,Render,Copies texture mapping from a source object onto other objects so a material's pattern flows consistently across them. Saves redoing mapping widgets object by object.,,,intermediate,Rendering|Texture Mapping,visualise|edit,,,,,https://docs.mcneel.com/rhino/9/help/en-us/commands/matchmapping.htm
,MatchMeshEdge,Rhino,Mesh,Moves mesh vertices so neighbouring naked edges line up and close small gaps. Used when separate mesh parts almost meet but leave hairline cracks.,,,advanced,Mesh|Repair|Edges,edit,mesh,join,/rhino9-icons/matchmeshedge.png,,https://docs.mcneel.com/rhino/9/help/en-us/commandlist/command_list.htm
,MatchProperties,Rhino,Edit,"Copies display and object properties such as layer, colour and linetype from one object to others. Fast way to bring rogue imports in line with your drawing standards.",,,beginner,Edit|Properties|Standards,organise|edit,curve|surface|solid|subd|mesh|point|annotation,copy,/rhino9-icons/matchproperties.png,,https://docs.mcneel.com/rhino/9/help/en-us/commandlist/command_list.htm
,MatchSrf,Rhino,Surface,"Adjusts a surface edge to meet a neighbouring surface with position, tangency or curvature continuity. The key tool for achieving seamless multi-patch surfaces in high-quality modelling.",,,advanced,Surface|Edit|Continuity,edit,surface,smooth|join,/rhino9-icons/matchsrf.png,,https://docs.mcneel.com/rhino/9/help/en-us/commandlist/command_list.htm
,Materials,Rhino,Render,"Opens the Materials panel where render materials are created, edited and assigned. The main workspace for defining how surfaces look in renderings.",,,intermediate,Rendering|Materials|Panels,visualise|organise,,,/rhino9-icons/materialeditor.png,,https://docs.mcneel.com/rhino/9/help/en-us/commands/materials.htm
,Maximize,Rhino,View,Maximises the Rhino application window to fill the screen. A window-management convenience mainly used from scripts and macros.,,,beginner,Window|Interface,organise,,,,,https://docs.mcneel.com/rhino/9/help/en-us/commands/maximize.htm
,MaxViewport,Rhino,View,Toggles the active viewport between maximised and the multi-view layout. Usually driven by double-clicking the viewport title.,,,beginner,View|Layout|Workspace,visualise,view,navigate,/rhino9-icons/maxviewport.png,,https://docs.mcneel.com/rhino/9/help/en-us/commandlist/command_list.htm
,Merge2MeshFaces,Rhino,Mesh,Merges two adjacent mesh faces into a single face. A small-scale clean-up tool for simplifying unnecessarily triangulated areas of a mesh.,,,intermediate,Mesh|Repair,edit,mesh,join,,,https://docs.mcneel.com/rhino/9/help/en-us/commands/merge2meshfaces.htm
,MergeAllCoplanarFaces,Rhino,Solid,Dissolves unnecessary edges between flat faces that lie in the same plane. Tidies solids after booleans so they read cleanly and export with fewer faces.,,,intermediate,Solid|Edit|Clean-up,edit,solid,join,,,https://docs.mcneel.com/rhino/9/help/en-us/commandlist/command_list.htm
,MergeAllEdges,Rhino,Analyze,Merges adjacent edge segments along surface and polysurface borders into single edges wherever they meet smoothly. Tidies fragmented edge counts left behind by trims and joins.,,,intermediate,Edge Tools,edit,surface|solid,join,,,https://docs.mcneel.com/rhino/9/help/en-us/commands/mergealledges.htm
,MergeCoplanarFace,Rhino,Solid,"Merges a picked planar face of a polysurface with its adjacent coplanar faces, simplifying boxy solids after booleans. Reduces face clutter without changing the shape.",,,intermediate,Solid|Editing,edit,solid,join,/rhino9-icons/mergecoplanarface.png,,https://docs.mcneel.com/rhino/9/help/en-us/commands/mergecoplanarface.htm
,MergeEdge,Rhino,Analyze,Merges adjacent edge segments of a surface or polysurface into one edge. Use it on a specific edge chain when MergeAllEdges is more than you need.,,,intermediate,Edge Tools,edit,surface|solid,join,,,https://docs.mcneel.com/rhino/9/help/en-us/commands/mergeedge.htm
,MergeFaces,Rhino,SubD,Combines adjacent SubD or mesh faces into a single larger face. Used to simplify topology after heavy editing.,,,advanced,SubD|Edit|Faces,edit,subd|mesh,join,/rhino9-icons/mergefaces.png,,https://docs.mcneel.com/rhino/9/help/en-us/commandlist/command_list.htm
,MergeSrf,Rhino,Surface,"Combines two untrimmed surfaces sharing an edge into one single surface. Useful for simplifying models before offsetting, unrolling or exporting.",,,advanced,Surface|Edit|Clean-up,edit,surface,join,/rhino9-icons/mergesrf.png,,https://docs.mcneel.com/rhino/9/help/en-us/commandlist/command_list.htm
,Mesh,Rhino,Mesh,"Converts NURBS surfaces, polysurfaces or SubD into a polygon mesh with density controls. Used before 3D printing, export to game engines or heavy visualisation scenes.",,,intermediate,Mesh|Convert|Export,create|edit,mesh|surface|solid|subd,,/rhino9-icons/mesh.png,,https://docs.mcneel.com/rhino/9/help/en-us/commandlist/command_list.htm
,MeshBooleanDifference,Rhino,Mesh,Subtracts one set of closed meshes from another. Used to cut openings in scan or export meshes without converting to NURBS.,,,intermediate,Mesh|Boolean|Subtract,edit,mesh,cut,,,https://docs.mcneel.com/rhino/9/help/en-us/commandlist/command_list.htm
,MeshBooleanIntersection,Rhino,Mesh,Keeps only the shared volume of intersecting closed meshes. Handy for clash volumes and trimming context meshes to a site boundary.,,,intermediate,Mesh|Boolean|Intersect,edit,mesh,cut,,,https://docs.mcneel.com/rhino/9/help/en-us/commandlist/command_list.htm
,MeshBooleanSplit,Rhino,Mesh,"Splits meshes into parts along their mutual intersections, keeping all pieces. Useful for dividing terrain meshes along plot boundaries.",,,intermediate,Mesh|Boolean|Split,edit,mesh,split|cut,,,https://docs.mcneel.com/rhino/9/help/en-us/commandlist/command_list.htm
,MeshBooleanUnion,Rhino,Mesh,Merges overlapping closed meshes into a single mesh. The mesh counterpart to BooleanUnion for print-ready models.,,,intermediate,Mesh|Boolean|Combine,edit,mesh,join,/rhino9-icons/meshbooleanunion.png,,https://docs.mcneel.com/rhino/9/help/en-us/commandlist/command_list.htm
,MeshBox,Rhino,Mesh,Creates a box directly as a mesh with set face counts. Useful for lightweight massing in mesh-based workflows and export pipelines.,,,beginner,Mesh|Create|Primitive,create,mesh,,/rhino9-icons/meshbox.png,,https://docs.mcneel.com/rhino/9/help/en-us/commandlist/command_list.htm
,MeshCone,Rhino,Mesh,Creates a cone as a polygon mesh. A quick faceted primitive for context and export models.,,,beginner,Mesh|Create|Primitive,create,mesh,,/rhino9-icons/meshcone.png,,https://docs.mcneel.com/rhino/9/help/en-us/commandlist/command_list.htm
,MeshCylinder,Rhino,Mesh,"Creates a cylinder as a polygon mesh. Used where lightweight faceted geometry is preferable to NURBS, such as context models.",,,beginner,Mesh|Create|Primitive,create,mesh,,/rhino9-icons/meshcylinder.png,,https://docs.mcneel.com/rhino/9/help/en-us/commandlist/command_list.htm
,MeshEllipsoid,Rhino,Mesh,Creates an ellipsoid as a mesh primitive rather than a NURBS surface. Handy when building lightweight massing or export-ready mesh scenes.,,,beginner,Mesh|Primitives,create,mesh,,/rhino9-icons/meshellipsoid.png,,https://docs.mcneel.com/rhino/9/help/en-us/commands/meshellipsoid.htm
,MeshFromLines,Rhino,Mesh,"Builds a mesh whose edges follow a network of intersecting lines. Useful for turning a drawn wireframe grid, such as a space-frame layout, directly into mesh faces.",,,intermediate,Mesh,create,mesh|curve,,/rhino9-icons/meshfromlines.png,,https://docs.mcneel.com/rhino/9/help/en-us/commands/meshfromlines.htm
,MeshFromPoints,Rhino,Mesh,Creates mesh faces over an ordered grid of points. Useful for reconstructing terrain or scanned grids as a single mesh surface.,,,intermediate,Mesh|Points,create,mesh|point,,,,https://docs.mcneel.com/rhino/9/help/en-us/commands/meshfrompoints.htm
,MeshIntersect,Rhino,Mesh,"Intersects meshes with each other and returns the intersection as polylines. The mesh counterpart of Intersect, useful for section lines through scanned or exported models.",,,intermediate,Mesh|Intersection,create|analyse,mesh|curve,,/rhino9-icons/meshintersect.png,,https://docs.mcneel.com/rhino/9/help/en-us/commands/meshintersect.htm
,MeshOutline,Rhino,Mesh,Draws the outline of a mesh as seen from the current view as a planar curve. Great for site plan silhouettes of context models and quick shadow footprints.,,,intermediate,Mesh|From objects|Outline,create|document,mesh|curve,,/rhino9-icons/meshoutline.png,,https://docs.mcneel.com/rhino/9/help/en-us/commandlist/command_list.htm
,MeshPatch,Rhino,Mesh,Fills a set of curves and points with a triangulated mesh patch. A quick route from surveyed contours or scattered spot levels to a terrain mesh.,,,intermediate,Mesh|Terrain,create,mesh|curve|point,,/rhino9-icons/meshpatch.png,,https://docs.mcneel.com/rhino/9/help/en-us/commands/meshpatch.htm
,MeshPlane,Rhino,Mesh,Creates a rectangular mesh plane with a set grid of faces. A common base for terrain sculpting and drape-style studies in mesh workflows.,,,beginner,Mesh|Create|Primitive,create,mesh,,/rhino9-icons/meshplane.png,,https://docs.mcneel.com/rhino/9/help/en-us/commandlist/command_list.htm
,MeshPolyline,Rhino,Mesh,"Fills a closed polyline with mesh faces, turning an outline directly into a flat mesh. Useful for quick planar mesh panels without going through NURBS surfaces.",,,beginner,Mesh,create,mesh|curve,,/rhino9-icons/meshpolyline.png,,https://docs.mcneel.com/rhino/9/help/en-us/commands/meshpolyline.htm
,MeshRepair,Rhino,Mesh,Opens a guided panel that checks a mesh and walks through fixing its defects step by step. The first stop when a downloaded or scanned mesh refuses to print or boolean.,,,intermediate,Mesh|Repair|Wizard,edit|analyse,mesh,,/rhino9-icons/meshrepair.png,,https://docs.mcneel.com/rhino/9/help/en-us/commandlist/command_list.htm
,MeshSelfIntersect,Rhino,Mesh,"Finds the places where a mesh passes through itself and marks them. An important check before 3D printing or exporting, where self-intersections cause failures.",,,intermediate,Mesh|Analysis|Repair,analyse,mesh,,,,https://docs.mcneel.com/rhino/9/help/en-us/commands/meshselfintersect.htm
,MeshSphere,Rhino,Mesh,Creates a sphere as a polygon mesh with controllable density. Handy for placeholder objects in scenes destined for real-time or print output.,,,beginner,Mesh|Create|Primitive,create,mesh,,/rhino9-icons/meshsphere.png,,https://docs.mcneel.com/rhino/9/help/en-us/commandlist/command_list.htm
,MeshSplit,Rhino,Mesh,"Splits a mesh with curves, surfaces or other meshes without needing closed volumes. The general-purpose divider for open meshes like terrain.",,,intermediate,Mesh|Edit|Split,edit,mesh,split|cut,/rhino9-icons/meshsplit.png,,https://docs.mcneel.com/rhino/9/help/en-us/commandlist/command_list.htm
,MeshToNURB,Rhino,Mesh,"Converts every mesh face into a NURBS surface joined as a polysurface. A blunt but effective route when downstream tools demand NURBS, best kept for small meshes.",,,advanced,Mesh|Convert|Workflow,edit,mesh|surface,,/rhino9-icons/meshtonurb_rt.png,,https://docs.mcneel.com/rhino/9/help/en-us/commandlist/command_list.htm
,MeshTorus,Rhino,Mesh,Creates a ring as a polygon mesh. Occasionally useful for faceted loops in visualisation scenes.,,,beginner,Mesh|Create|Primitive,create,mesh,,/rhino9-icons/meshtorus.png,,https://docs.mcneel.com/rhino/9/help/en-us/commandlist/command_list.htm
,MeshTrim,Rhino,Mesh,Cuts away the picked side of a mesh along a curve or surface. Everyday tool for trimming site meshes to boundaries.,,,intermediate,Mesh|Edit|Trim,edit,mesh,cut,/rhino9-icons/meshtrim.png,,https://docs.mcneel.com/rhino/9/help/en-us/commandlist/command_list.htm
,MeshTruncatedCone,Rhino,Mesh,"Creates a truncated cone as a mesh primitive. One of the mesh equivalents of Rhino's solid primitives, for lightweight or export-focused modelling.",,,beginner,Mesh|Primitives,create,mesh,,/rhino9-icons/meshtruncatedcone.png,,https://docs.mcneel.com/rhino/9/help/en-us/commands/meshtruncatedcone.htm
,MigratePlugins,Rhino,Tools,Brings plug-ins installed in a previous Rhino version across to the current one. Run it after upgrading so your toolset follows you.,,,beginner,Plug-ins|Setup,organise,,,,,https://docs.mcneel.com/rhino/9/help/en-us/commands/migrateplugins.htm
,Minimize,Rhino,View,Minimises the Rhino application window to the taskbar. Mostly useful in scripts that hand control to another program temporarily.,,,beginner,Window|Interface,organise,,,,,https://docs.mcneel.com/rhino/9/help/en-us/commands/minimize.htm
,Mirror,Rhino,Transform,"Reflects objects across a line or plane, optionally keeping the original. Essential for symmetrical plans, handed apartment types and reflected details.",,,beginner,Transform|Symmetry,transform|create,curve|surface|solid|subd|mesh|point,mirror|copy,/rhino9-icons/mirror.png,,https://docs.mcneel.com/rhino/9/help/en-us/commandlist/command_list.htm
,MirrorHole,Rhino,Solid,Mirrors an existing hole feature across a line on the same planar solid face. Quicker than cutting a matching hole from scratch on symmetrical parts.,,,intermediate,Solid|Holes,edit|transform,solid,mirror|copy,,,https://docs.mcneel.com/rhino/9/help/en-us/commands/mirrorhole.htm
,ModelBasepoint,Rhino,File,"Sets the base point used when this file is inserted or linked into another model. Set it deliberately so blocks and references land where you expect, for example on a site datum.",,,intermediate,Blocks|Coordination,organise,,,/rhino9-icons/modelbasepoint.png,,https://docs.mcneel.com/rhino/9/help/en-us/commands/modelbasepoint.htm
,ModifyRadius,Rhino,Curve,"Changes the radius of an existing circle or arc without redrawing it. A fast, precise edit for setting-out geometry.",,,beginner,Curve|Editing,edit,curve,,,,https://docs.mcneel.com/rhino/9/help/en-us/commands/modifyradius.htm
,Move,Rhino,Transform,"Moves objects from a base point to a target point with full snapping precision. The most fundamental transform, preferred over dragging when accuracy matters.",,,beginner,Transform|Position,transform,curve|surface|solid|subd|mesh|point,move,/rhino9-icons/move.png,,https://docs.mcneel.com/rhino/9/help/en-us/commandlist/command_list.htm
,MoveEdge,Rhino,Solid,Moves a single edge of a solid while the connected faces stretch to keep the body closed. Useful for tweaking wedge angles and ridge lines directly.,,,intermediate,Solid|Edit|Edges,edit|transform,solid,move,/rhino9-icons/moveedge.png,,https://docs.mcneel.com/rhino/9/help/en-us/commandlist/command_list.htm
,MoveFace,Rhino,Solid,"Pushes or pulls a face of a solid, extending the neighbouring faces to follow. Quick parametric-feeling edits like making a box taller or a recess deeper without remodelling.",,,intermediate,Solid|Edit|Faces,edit|transform,solid,move,/rhino9-icons/moveface.png,,https://docs.mcneel.com/rhino/9/help/en-us/commandlist/command_list.htm
,MoveHole,Rhino,Solid,Slides an existing hole to a new position within its planar face. Saves re-cutting openings when a penetration needs repositioning.,,,intermediate,Solid|Edit|Holes,edit|transform,solid,move,/rhino9-icons/movehole.png,,https://docs.mcneel.com/rhino/9/help/en-us/commandlist/command_list.htm
,MoveTargetToObjects,Rhino,View,Moves the view camera's target onto the selected objects so orbiting pivots around them. Cures the frustration of a view that rotates about empty space.,,,beginner,View|Camera,visualise,view,navigate,/rhino9-icons/movetargettoobjects.png,,https://docs.mcneel.com/rhino/9/help/en-us/commands/movetargettoobjects.htm
,MoveUntrimmedEdge,Rhino,Surface,"Drags an untrimmed surface edge to a new position, reshaping the surface while keeping its structure. A direct-editing tool for simple surface adjustments.",,,advanced,Surface|Editing,edit,surface,move,/rhino9-icons/moveuntrimmededge_rt.png,,https://docs.mcneel.com/rhino/9/help/en-us/commands/moveuntrimmededge.htm
,MoveUVN,Rhino,Transform,"Nudges control points along a surface's U, V and normal directions with sliders and smoothing. A precise sculpting panel for refining surface interiors without breaking edges.",,,advanced,Transform|Surface|Control points,edit|transform,surface|curve,move|smooth,/rhino9-icons/moveuvn.png,,https://docs.mcneel.com/rhino/9/help/en-us/commandlist/command_list.htm
,MPlane,Rhino,View,Attaches a mobile construction plane to an object so the CPlane follows the object as it moves or rotates. Very useful when detailing components that sit at odd angles.,,,advanced,CPlane,organise|visualise,,,/rhino9-icons/mplane.png,,https://docs.mcneel.com/rhino/9/help/en-us/commands/mplane.htm
,MultiPause,Rhino,Tools,"A macro helper that pauses a macro for any number of user picks until Enter is pressed. Use it where a plain Pause, which accepts one input, is not enough.",,,advanced,Scripting|Macros,organise,,,,,https://docs.mcneel.com/rhino/9/help/en-us/commands/multipause.htm
,MultiPipe,Rhino,SubD,"Builds a smooth SubD pipe network over a set of connected curves, resolving the junctions automatically. Perfect for branching structures, node details and tubular furniture frames.",,,intermediate,SubD|Create|Network,create,subd|curve,thicken,/rhino9-icons/multipipe.png,,https://docs.mcneel.com/rhino/9/help/en-us/commandlist/command_list.htm
,Named CPlanes,Rhino,View,"Opens the Named CPlanes panel, where construction planes can be saved and restored by name. Invaluable on projects with sloping or rotated setting-out grids.",,,intermediate,CPlane|Panels,organise,,,/rhino9-icons/cplane_panel.png,,https://docs.mcneel.com/rhino/9/help/en-us/commands/namedcplane.htm
,Named Positions,Rhino,Transform,"Opens the Named Positions panel, which stores arrangements of objects so you can move things and later snap them back. Great for comparing design options or building exploded views.",,,intermediate,Positions|Panels,organise|transform,,move,/rhino9-icons/namedposition.png,,https://docs.mcneel.com/rhino/9/help/en-us/commands/namedposition.htm
,Named Views,Rhino,View,"Opens the Named Views panel, where camera positions are saved and restored by name. The backbone of repeatable renders and consistent layout details.",,,beginner,View|Panels,visualise|organise,view,navigate,/rhino9-icons/namedview.png,,https://docs.mcneel.com/rhino/9/help/en-us/commands/namedview.htm
,NamedCPlane,Rhino,View,"Saves and restores construction planes by name. Keeps a library of working planes for each facade, roof pitch or datum in a project.",,,intermediate,View|CPlane|Presets,organise,view,,/rhino9-icons/cplane_panel.png,,https://docs.mcneel.com/rhino/9/help/en-us/commandlist/command_list.htm
,NamedPosition,Rhino,Transform,"Saves the current position of selected objects under a name so they can be returned there later, even after being moved. Useful for exploded axonometrics and option studies.",,,intermediate,Positions,organise|transform,,move,/rhino9-icons/namedposition.png,,https://docs.mcneel.com/rhino/9/help/en-us/commands/namedposition.htm
,NamedSelections,Rhino,Edit,Saves selection sets by name so a group of objects can be reselected in one click. A big time-saver for recurring edits on the same scattered set of geometry.,,,beginner,Selection|Panels,organise,,,/rhino9-icons/namedselections.png,,https://docs.mcneel.com/rhino/9/help/en-us/commands/namedselections.htm
,NamedView,Rhino,View,"Saves and restores camera positions by name, with thumbnails. Essential for repeatable render views and keeping agreed verified-view camera setups.",,,beginner,View|Camera|Presets,visualise|organise|document,view,navigate,/rhino9-icons/namedview.png,,https://docs.mcneel.com/rhino/9/help/en-us/commandlist/command_list.htm
,NetworkSrf,Rhino,Surface,Builds a surface through a criss-crossing network of curves in two directions. Powerful for complex freeform patches where lofts and sweeps cannot capture the shape.,,,advanced,Surface|Create|Network,create,surface|curve,,/rhino9-icons/networksrf.png,,https://docs.mcneel.com/rhino/9/help/en-us/commandlist/command_list.htm
,New,Rhino,File,Starts a fresh model from a template that sets units and tolerances. Choosing the right template avoids tolerance headaches later.,Ctrl+N,,beginner,File|Document,organise,,,/rhino9-icons/new.png,,https://docs.mcneel.com/rhino/9/help/en-us/commandlist/command_list.htm
,NewFloatingViewport,Rhino,View,"Opens an extra viewport in its own window, ideal for a second monitor. Lets you keep a render view open while drafting in another.",,,intermediate,View|Layout|Workspace,visualise|organise,view,navigate,,,https://docs.mcneel.com/rhino/9/help/en-us/commandlist/command_list.htm
,NewViewport,Rhino,View,Creates an additional viewport with its own camera and display settings. Useful for adding a dedicated perspective or detail view alongside the standard set.,,,beginner,View|Viewport,visualise,view,navigate,,,https://docs.mcneel.com/rhino/9/help/en-us/commands/newviewport.htm
,NextDetail,Rhino,View,Activates the next detail on the current layout. Lets you cycle through a sheet's views from the keyboard while setting them up.,,,beginner,Layout|Viewport,document|visualise,layout|view,navigate,,,https://docs.mcneel.com/rhino/9/help/en-us/commands/nextdetail.htm
,NextOrthoViewport,Rhino,View,"Switches focus to the next orthographic viewport, cycling through plan and elevation views without reaching for the mouse. A small navigation convenience for multi-viewport work.",,,beginner,View|Viewport,visualise,view,navigate,,,https://docs.mcneel.com/rhino/9/help/en-us/commands/nextorthoviewport.htm
,NextPerspectiveViewport,Rhino,View,Switches focus to the next perspective viewport in the model. Useful when several perspective views are open for different camera studies.,,,beginner,View|Viewport,visualise,view,navigate,,,https://docs.mcneel.com/rhino/9/help/en-us/commands/nextperspectiveviewport.htm
,NextU,Rhino,Edit,Moves the control-point selection to the neighbouring point in the surface's U direction. Keyboard-friendly navigation for precise point editing on dense grids.,,,intermediate,Control Points,edit|organise,point,,,,https://docs.mcneel.com/rhino/9/help/en-us/commands/nextu.htm
,NextV,Rhino,Edit,Moves the control-point selection to the neighbouring point in the surface's V direction. Pairs with NextU for stepping through a surface's point grid.,,,intermediate,Control Points,edit|organise,point,,,,https://docs.mcneel.com/rhino/9/help/en-us/commands/nextv.htm
,NextViewport,Rhino,View,"Makes the next viewport active, cycling through them in order. Quick keyboard navigation between views.",,,beginner,View|Viewport,visualise,view,navigate,,,https://docs.mcneel.com/rhino/9/help/en-us/commands/nextviewport.htm
,NextViewportToTop,Rhino,View,Makes the next viewport active and brings it to the front. Useful when floating viewports overlap and the one you want is buried.,,,beginner,View|Viewport,visualise,view,navigate,,,https://docs.mcneel.com/rhino/9/help/en-us/commands/nextviewporttotop.htm
,NoEcho,Rhino,Tools,Stops commands echoing their text output to the command history. Used inside scripts and macros to keep the command line quiet while they run.,,,advanced,Scripting,organise,,,,,https://docs.mcneel.com/rhino/9/help/en-us/commands/noecho.htm
,NonmanifoldMerge,Rhino,Solid,"Merges surfaces and polysurfaces into a single non-manifold polysurface, keeping shared internal faces rather than discarding them. Used in analysis and fabrication workflows where internal partitions matter.",,,advanced,Solid|Advanced,edit,surface|solid,join,,,https://docs.mcneel.com/rhino/9/help/en-us/commands/nonmanifoldmerge.htm
,Notes,Rhino,File,"Opens a simple text panel stored inside the model file. Useful for issue notes, modelling conventions and handover instructions that travel with the file.",,,beginner,File|Documentation|Notes,document|organise,,annotate,/rhino9-icons/notes.png,,https://docs.mcneel.com/rhino/9/help/en-us/commandlist/command_list.htm
,Notifications,Rhino,Tools,"Opens the Notifications panel, which collects messages about updates, licensing and other events. Check it when the notification icon lights up.",,,beginner,Interface|Panels,organise,,,,,https://docs.mcneel.com/rhino/9/help/en-us/commands/notifications.htm
,Offset,Rhino,Curve,"Creates a parallel copy of a curve at a set distance, with corner and cap options. The backbone of wall thicknesses, clearance zones and repeated profile lines.",,,beginner,Curve|Edit|Parallel,create|edit,curve,offset|copy,/rhino9-icons/offset.png,,https://docs.mcneel.com/rhino/9/help/en-us/commandlist/command_list.htm
,OffsetCrvOnSrf,Rhino,Curve,Offsets a curve that lies on a surface so the copy stays on the surface at a true geodesic-style distance. Used for setting out seams and edge details on curved facades.,,,intermediate,Curve|Surface|Offset,create|edit,curve|surface,offset,/rhino9-icons/offsetcrvonsrf.png,,https://docs.mcneel.com/rhino/9/help/en-us/commandlist/command_list.htm
,OffsetMesh,Rhino,Mesh,"Offsets a mesh by a distance, optionally closing the result into a solid. The mesh equivalent of shelling, often used to give scanned or exported geometry a printable thickness.",,,intermediate,Mesh,create|edit,mesh,offset|thicken,/rhino9-icons/offsetmesh.png,,https://docs.mcneel.com/rhino/9/help/en-us/commands/offsetmesh.htm
,OffsetMultiple,Rhino,Curve,Offsets several curves at once by the same distance. Saves repeating Offset curve by curve when producing wall thicknesses or path edges across a drawing.,,,beginner,Curve|Offset,create|edit,curve,offset,/rhino9-icons/offsetmultiple.png,,https://docs.mcneel.com/rhino/9/help/en-us/commands/offsetmultiple.htm
,OffsetNormal,Rhino,Curve,"Offsets a curve that lies on a surface in the direction normal to that surface. Useful for building ribs, fins or upstands off doubly curved surfaces where a flat offset would be wrong.",,,advanced,Curve|Offset,create,curve|surface,offset,/rhino9-icons/offsetnormal.png,,https://docs.mcneel.com/rhino/9/help/en-us/commands/offsetnormal.htm
,OffsetSrf,Rhino,Surface,"Creates a copy of a surface or polysurface at a set distance along its normals, optionally building a closed solid between the two. The standard way to give architectural surfaces material thickness.",,,intermediate,Surface|Edit|Thickness,create|edit,surface|solid,offset|thicken,/rhino9-icons/offsetsrf.png,,https://docs.mcneel.com/rhino/9/help/en-us/commandlist/command_list.htm
,OffsetSubD,Rhino,SubD,"Offsets a SubD inwards or outwards, optionally building a closed solid shell between the two. The standard way to give sculpted skins a real material thickness.",,,intermediate,SubD|Edit|Thickness,edit,subd,offset|thicken,/rhino9-icons/offsetsubd.png,,https://docs.mcneel.com/rhino/9/help/en-us/commandlist/command_list.htm
,OneLayerOff,Rhino,Edit,Turns off the layer of an object you pick. A one-click declutter tool when you can see the offending geometry but do not know its layer name.,,,beginner,Layers|Visibility,organise,layer,,,,https://docs.mcneel.com/rhino/9/help/en-us/commands/onelayeroff.htm
,OneLayerOn,Rhino,Edit,"Turns on a single chosen layer and switches every other layer off. Instant focus when auditing one system, such as structure only.",,,beginner,Edit|Layers|Visibility,organise|visualise,layer,,,,https://docs.mcneel.com/rhino/9/help/en-us/commandlist/command_list.htm
,OneView,Rhino,View,Runs a single-viewport mode that swaps the construction plane automatically as you orbit near standard directions. A drafting-friendly way to work in one big view.,,,intermediate,View|CPlane|Workspace,visualise|organise,view,navigate,/rhino9-icons/oneview.png,,https://docs.mcneel.com/rhino/9/help/en-us/commandlist/command_list.htm
,Open,Rhino,File,"Opens a Rhino model or any of the many supported CAD and mesh formats. Alongside Import, the gateway for consultant and manufacturer files.",Ctrl+O,,beginner,File|Document,organise,,,,,https://docs.mcneel.com/rhino/9/help/en-us/commandlist/command_list.htm
,Options,Rhino,Tools,"Opens Rhino's global settings for display, toolbars, aliases, modelling aids and more. Where you tune the environment to your own working style.",,,beginner,Tools|Settings,organise,,,/rhino9-icons/options.png,,https://docs.mcneel.com/rhino/9/help/en-us/commandlist/command_list.htm
,OptionsExport,Rhino,Tools,Saves Rhino's options and settings out to a file. Use it to back up your setup or share office-standard settings across machines.,,,intermediate,Settings,organise,,,/rhino9-icons/optionsexport.png,,https://docs.mcneel.com/rhino/9/help/en-us/commands/optionsexport.htm
,OptionsImport,Rhino,Tools,Loads Rhino options and settings from a previously exported file. The other half of moving a familiar setup onto a new machine or standardising a team.,,,intermediate,Settings,organise,,,,,https://docs.mcneel.com/rhino/9/help/en-us/commands/optionsimport.htm
,OptionsPage,Rhino,Tools,Opens the Options dialog directly at a named page. Mainly used in toolbar buttons and macros that jump straight to a specific setting.,,,advanced,Settings|Macros,organise,,,,,https://docs.mcneel.com/rhino/9/help/en-us/commands/optionspage.htm
,Orient,Rhino,Transform,"Moves, rotates and optionally scales objects by mapping two reference points onto two targets. A compound transform that places elements in one action instead of three.",,,intermediate,Transform|Placement,transform,curve|surface|solid|subd|mesh|point,move|rotate|scale,/rhino9-icons/orient.png,,https://docs.mcneel.com/rhino/9/help/en-us/commandlist/command_list.htm
,Orient3Pt,Rhino,Transform,"Repositions objects by matching three reference points to three targets, fixing position and orientation in space. The reliable way to place a component onto a sloping plane.",,,intermediate,Transform|Placement|3D,transform,curve|surface|solid|subd|mesh|point,move|rotate,/rhino9-icons/orient3pt_orient_rt.png,,https://docs.mcneel.com/rhino/9/help/en-us/commandlist/command_list.htm
,OrientCameraToSrf,Rhino,View,"Aims the viewport camera perpendicular to a picked surface, looking straight at it. The quickest way to get a true face-on view of an angled facade or panel.",,,intermediate,View|Camera,visualise,view|surface,navigate,/rhino9-icons/orientcameratosrf.png,,https://docs.mcneel.com/rhino/9/help/en-us/commands/orientcameratosrf.htm
,OrientCrvToEdge,Rhino,Transform,"Copies or moves a curve onto a surface edge, orienting it to match the edge. Handy for placing profile curves ready for sweeps along an edge.",,,intermediate,Transform|Curve,transform,curve|surface,move|copy|rotate,/rhino9-icons/orientcrvtoedge.png,,https://docs.mcneel.com/rhino/9/help/en-us/commands/orientcrvtoedge.htm
,OrientOnCrv,Rhino,Transform,"Places objects along a curve, orienting each to the curve direction. Useful for positioning individual elements like bollards where regular array spacing will not do.",,,intermediate,Transform|Placement|Path,transform,curve|surface|solid,move|rotate|copy,/rhino9-icons/orientoncrv.png,,https://docs.mcneel.com/rhino/9/help/en-us/commandlist/command_list.htm
,OrientOnSrf,Rhino,Transform,"Places copies of an object onto a surface, aligned to the surface normal at each pick. Great for scattering rooflights or fixings across curved geometry by eye.",,,intermediate,Transform|Placement|Surface,transform,surface|solid|curve|mesh,move|rotate|copy,/rhino9-icons/orientonsrf.png,,https://docs.mcneel.com/rhino/9/help/en-us/commandlist/command_list.htm
,Ortho,Rhino,Tools,"Toggles constraint of cursor movement to set angle increments, typically 90 degrees. Fundamental drafting aid for keeping lines square.",F8,,beginner,Tools|Drafting|Constraints,organise|edit,,,/rhino9-icons/ortho.png,,https://docs.mcneel.com/rhino/9/help/en-us/commandlist/command_list.htm
,OrthoAngle,Rhino,Tools,"Changes the angle that Ortho constrains to, which is 90 degrees by default. Set it to 30 or 45 degrees when working on angled grids or chamfered plans.",,,beginner,Modelling Aids,organise,,,,,https://docs.mcneel.com/rhino/9/help/en-us/commands/orthoangle.htm
,OrthoSnapToCPlaneZ,Rhino,Tools,Toggles whether Ortho also constrains movement vertically along the construction plane's Z axis. Turn it on to draw and drag straight up and down while modelling in 3D.,,,intermediate,Modelling Aids,organise,,,,,https://docs.mcneel.com/rhino/9/help/en-us/commands/orthosnaptocplanez.htm
,Osnap,Rhino,Tools,"Opens the object snap controls for end, mid, centre, intersection and other precise picks. Accurate modelling in Rhino lives and dies by these snaps.",,,beginner,Tools|Drafting|Snapping,organise|edit,,,,,https://docs.mcneel.com/rhino/9/help/en-us/commandlist/command_list.htm
,PackageManager,Rhino,Tools,"Browses, installs and updates plug-ins and resources from the official package server. The modern route to extending Rhino with tools like section utilities and renderers.",,,intermediate,Tools|Plugins|Extensions,organise,,,/rhino9-icons/packagemanager.png,,https://docs.mcneel.com/rhino/9/help/en-us/commandlist/command_list.htm
,Pan,Rhino,View,Slides the view across the model without changing zoom or angle. Basic navigation alongside Zoom and view rotation.,,,beginner,View|Navigation,visualise,view,navigate,/rhino9-icons/pan.png,,https://docs.mcneel.com/rhino/9/help/en-us/commandlist/command_list.htm
,Parabola,Rhino,Curve,"Draws a parabola from focus or vertex definitions. Occasionally needed for reflector geometry, arch profiles and structural form studies.",,,advanced,Curve|Precision|Conic,create,curve,,/rhino9-icons/parabola.png,,https://docs.mcneel.com/rhino/9/help/en-us/commandlist/command_list.htm
,Paraboloid,Rhino,Surface,"Draws a paraboloid surface, optionally capped into a solid. Useful for dish, reflector and canopy-style forms with true parabolic geometry.",,,intermediate,Surface|Primitives,create,surface|solid,,/rhino9-icons/paraboloid.png,,https://docs.mcneel.com/rhino/9/help/en-us/commands/paraboloid.htm
,Paste,Rhino,Edit,Places clipboard contents into the model at their original coordinates. Completes the cut and copy clipboard workflow across files.,Ctrl+V,,beginner,Edit|Clipboard,edit|organise,curve|surface|solid|subd|mesh|point|annotation,copy,,,https://docs.mcneel.com/rhino/9/help/en-us/commandlist/command_list.htm
,PasteAsBlock,Rhino,Edit,Pastes the clipboard contents as a block instance rather than loose geometry. Useful for keeping repeated pasted elements lightweight and centrally editable.,,,intermediate,Clipboard|Blocks,create|organise,,copy,,,https://docs.mcneel.com/rhino/9/help/en-us/commands/pasteasblock.htm
,PasteAt,Rhino,Edit,Pastes the clipboard contents at a point you pick rather than at its original coordinates. Saves a paste-then-move step when bringing geometry between files.,,,beginner,Clipboard,create|transform,,copy|move,,,https://docs.mcneel.com/rhino/9/help/en-us/commands/pasteat.htm
,Patch,Rhino,Surface,"Fits an approximate surface over a loose collection of curves, points or edges. A pragmatic hole-filler and terrain-builder when inputs are messy or incomplete.",,,intermediate,Surface|Create|Fitting,create,surface|curve|point,,/rhino9-icons/patch.png,,https://docs.mcneel.com/rhino/9/help/en-us/commandlist/command_list.htm
,Pause,Rhino,Tools,"A macro helper that pauses the macro for one user input, such as a pick or a value. The basic building block for interactive command macros.",,,advanced,Scripting|Macros,organise,,,,,https://docs.mcneel.com/rhino/9/help/en-us/commands/pause.htm
,PerspectiveAngle,Rhino,View,"Sets the lens angle of the perspective viewport's camera. Widen it for tight interior views, narrow it for flattering exterior shots with less distortion.",,,intermediate,View|Camera,visualise,view,navigate,/rhino9-icons/perspectiveangle.png,,https://docs.mcneel.com/rhino/9/help/en-us/commands/perspectiveangle.htm
,PerspectiveMatch,Rhino,View,"Matches the perspective camera to a background photograph by picking corresponding points, so the model lines up with the image. The key tool for dropping a proposal into a site photo.",,,advanced,View|Camera|Visualisation,visualise,view,navigate,/rhino9-icons/perspectivematch.png,,https://docs.mcneel.com/rhino/9/help/en-us/commands/perspectivematch.htm
,Picture,Rhino,Surface,"Places an image in the model as a picture plane, commonly used to trace scanned drawings or display reference imagery. Successor to the old PictureFrame command.",,,beginner,Surface|Reference|Images,create|organise,surface,,/rhino9-icons/picture.png,,https://docs.mcneel.com/rhino/9/help/en-us/commandlist/command_list.htm
,Pipe,Rhino,Solid,"Wraps a solid circular section along any curve, with optional varying radii and caps. The fastest way to model handrails, service runs and structural tubes.",,,beginner,Solid|Create|Rail,create,solid|curve,thicken,/rhino9-icons/pipe.png,,https://docs.mcneel.com/rhino/9/help/en-us/commandlist/command_list.htm
,PlaceHole,Rhino,Solid,"Cuts a round hole into a planar face of a solid, with control over depth and direction. Faster and more deliberate than boolean-subtracting a cylinder by hand.",,,intermediate,Solid|Holes,edit,solid,cut,,,https://docs.mcneel.com/rhino/9/help/en-us/commands/placehole.htm
,Plan,Rhino,View,Sets the viewport to look straight down at the current construction plane. Instant return to true plan after working in 3D.,,,beginner,View|Navigation|CPlane,visualise,view,navigate,,,https://docs.mcneel.com/rhino/9/help/en-us/commandlist/command_list.htm
,Planar,Rhino,Tools,"Toggles Planar mode, which keeps successive picks at the same construction-plane elevation as the previous point. Keeps 3D polylines and curves flat without constant elevator snapping.",,,beginner,Modelling Aids,organise,,,,,https://docs.mcneel.com/rhino/9/help/en-us/commands/planar.htm
,PlanarDifference,Rhino,Curve,"Boolean-subtracts coplanar closed regions from one another, returning the trimmed 2D result. A drafting-style boolean for cleaning up overlapping outlines and hatch regions.",,,intermediate,Curve|Boolean|2D,edit|create,curve,cut,,,https://docs.mcneel.com/rhino/9/help/en-us/commands/planardifference.htm
,PlanarIntersection,Rhino,Curve,"Keeps only the overlapping area of coplanar closed regions, discarding the rest. Useful for finding the common footprint of stacked plan outlines.",,,intermediate,Curve|Boolean|2D,edit|create,curve,cut,,,https://docs.mcneel.com/rhino/9/help/en-us/commands/planarintersection.htm
,PlanarMesh,Rhino,Mesh,"Fills planar closed curves with a flat mesh, the mesh equivalent of PlanarSrf. Quick floors, panels and grounds for mesh-based scenes.",,,beginner,Mesh,create,mesh|curve,,,,https://docs.mcneel.com/rhino/9/help/en-us/commands/planarmesh.htm
,PlanarSrf,Rhino,Surface,"Creates flat surfaces from closed planar curves, including nested boundaries with holes. Everyday tool for turning plan outlines into floor plates and panels.",,,beginner,Surface|Create|Planar,create,surface|curve,,/rhino9-icons/planarsrf.png,,https://docs.mcneel.com/rhino/9/help/en-us/commandlist/command_list.htm
,PlanarUnion,Rhino,Curve,"Merges coplanar closed regions into combined outlines, dissolving their overlaps. Good for consolidating overlapping plan shapes into a single boundary.",,,intermediate,Curve|Boolean|2D,edit|create,curve,join,,,https://docs.mcneel.com/rhino/9/help/en-us/commands/planarunion.htm
,Plane,Rhino,Surface,"Draws a rectangular flat surface from corner to corner, with options for centre-out and three-point placement. The fastest way to make a ground plane, wall panel or backdrop.",,,beginner,Surface|Primitives,create,surface,,/rhino9-icons/plane.png,,https://docs.mcneel.com/rhino/9/help/en-us/commands/plane.htm
,PlaneThroughPt,Rhino,Surface,"Fits a rectangular plane through a set of points, averaging their positions. Useful for establishing a best-fit datum through surveyed or scanned data.",,,intermediate,Surface|Create|Fitting,create|analyse,surface|point,,/rhino9-icons/planethroughpt.png,,https://docs.mcneel.com/rhino/9/help/en-us/commandlist/command_list.htm
,PlayAnimation,Rhino,Render,"Plays back the animation set up with Rhino's animation tools, such as a turntable or sun study, in the viewport. Preview the motion before committing to recording frames.",,,intermediate,Animation,visualise,view,,,,https://docs.mcneel.com/rhino/9/help/en-us/commands/playanimation.htm
,PlugInManager,Rhino,Tools,"Lists installed plug-ins and lets you load, disable or install them. The place to go when a plug-in's commands stop appearing.",,,intermediate,Plug-ins,organise,,,/rhino9-icons/pluginmanager.png,,https://docs.mcneel.com/rhino/9/help/en-us/commands/pluginmanager.htm
,Point,Rhino,Curve,"Places a single point object at a picked or typed location. Useful for marking setting-out positions, snap targets and survey coordinates before drawing geometry.",,,beginner,Curve|Point|Reference,create,point,,/rhino9-icons/point.png,,https://docs.mcneel.com/rhino/9/help/en-us/commandlist/command_list.htm
,PointCloud,Rhino,Curve,"Gathers selected point objects into a single point cloud, or breaks a cloud back into points. Keeps large scan or survey datasets manageable as one selectable object.",,,intermediate,Curve|Point|Scan data,create|organise,point,join,/rhino9-icons/pointcloud.png,,https://docs.mcneel.com/rhino/9/help/en-us/commandlist/command_list.htm
,PointCloudSection,Rhino,Curve,"Cuts section profiles through a point cloud with a plane, extracting the points or polyline along the cut. The bridge from raw scan data to usable plan and section linework.",,,advanced,Point Cloud|Sections,create|analyse,point|curve,cut,,,https://docs.mcneel.com/rhino/9/help/en-us/commands/pointcloudsection.htm
,PointDeviation,Rhino,Analyze,Measures and colour-codes how far a set of points sits from a surface or mesh. Used to verify a rebuilt surface against original scan data.,,,advanced,Analyze|Deviation|Quality,analyse,point|surface|mesh,measure,/rhino9-icons/pointdeviation.png,,https://docs.mcneel.com/rhino/9/help/en-us/commandlist/command_list.htm
,PointGrid,Rhino,Curve,"Creates a rectangular grid of point objects. Useful as a scaffold for paving setouts, facade studies or anything needing a regular array of reference points.",,,beginner,Points,create,point,array,/rhino9-icons/pointgrid.png,,https://docs.mcneel.com/rhino/9/help/en-us/commands/pointgrid.htm
,Points,Rhino,Curve,Places a run of point objects one after another until you press Enter. Quicker than repeating Point when plotting several markers or imported coordinate positions.,,,beginner,Curve|Point|Reference,create,point,,/rhino9-icons/point.png,,https://docs.mcneel.com/rhino/9/help/en-us/commandlist/command_list.htm
,PointsOff,Rhino,Edit,Hides control points when direct editing is finished. Prevents accidental dragging of points while working nearby.,F11,,beginner,Edit|Control points,edit,curve|surface,,,,https://docs.mcneel.com/rhino/9/help/en-us/commandlist/command_list.htm
,PointsOn,Rhino,Edit,Displays the control points of curves and surfaces so they can be dragged directly. The doorway into hands-on NURBS editing.,F10,,beginner,Edit|Control points,edit,curve|surface,,/rhino9-icons/pointson.png,,https://docs.mcneel.com/rhino/9/help/en-us/commandlist/command_list.htm
,Polygon,Rhino,Curve,"Draws a regular polygon with any number of sides, inscribed or circumscribed about a radius. Handy for bolt patterns, kiosks and faceted plan forms.",,,beginner,Curve|Drawing|2D,create,curve,,/rhino9-icons/polygon.png,,https://docs.mcneel.com/rhino/9/help/en-us/commandlist/command_list.htm
,PolygonCount,Rhino,Analyze,Reports how many render-mesh polygons the selection or scene contains. A quick weight check before exporting to real-time engines or worrying about display performance.,,,beginner,Mesh|Analysis,analyse,mesh,measure,/rhino9-icons/polygoncount.png,,https://docs.mcneel.com/rhino/9/help/en-us/commands/polygoncount.htm
,Polyline,Rhino,Curve,"Draws a connected chain of straight segments as one curve. Ideal for plan outlines, boundaries and any profile made of straight runs.",,,beginner,Curve|Drawing|2D,create,curve,,/rhino9-icons/polyline.png,,https://docs.mcneel.com/rhino/9/help/en-us/commandlist/command_list.htm
,PolylineOnMesh,Rhino,Curve,"Draws a polyline whose points are constrained to a mesh surface. Ideal for sketching routes, paths or cut lines over scanned terrain.",,,intermediate,Curve|Mesh,create,curve|mesh,,,,https://docs.mcneel.com/rhino/9/help/en-us/commands/polylineonmesh.htm
,PopupMenu,Rhino,Tools,"Opens the customisable pop-up command menu at the cursor, usually bound to the middle mouse button. Keeps favourite commands one click away without hunting through toolbars.",,,beginner,Interface,organise,,,,,https://docs.mcneel.com/rhino/9/help/en-us/commands/popuppopular.htm
,PopupPopular,Rhino,Tools,Pops up a menu of your most-used commands at the cursor. A self-updating shortcut list based on how you actually work.,,,beginner,Interface,organise,,,,,https://docs.mcneel.com/rhino/9/help/en-us/commands/popuppopular.htm
,PopupToolbar,Rhino,Tools,"Pops up a chosen toolbar at the cursor for a quick pick, after which it disappears. Gives access to a whole toolbar without permanently docking it.",,,beginner,Interface,organise,,,,,https://docs.mcneel.com/rhino/9/help/en-us/commands/popuptoolbar.htm
,PrevDetail,Rhino,View,Activates the previous detail on the current layout. Pairs with NextDetail for cycling through a sheet's views.,,,beginner,Layout|Viewport,document|visualise,layout|view,navigate,,,https://docs.mcneel.com/rhino/9/help/en-us/commands/prevdetail.htm
,PrevU,Rhino,Edit,Moves the control-point selection to the previous point in the surface's U direction. Part of the keyboard navigation set for precise point editing.,,,intermediate,Control Points,edit|organise,point,,,,https://docs.mcneel.com/rhino/9/help/en-us/commands/prevu.htm
,PrevV,Rhino,Edit,Moves the control-point selection to the previous point in the surface's V direction. Part of the keyboard navigation set for precise point editing.,,,intermediate,Control Points,edit|organise,point,,,,https://docs.mcneel.com/rhino/9/help/en-us/commands/prevv.htm
,PrevViewport,Rhino,View,"Makes the previous viewport active, cycling backwards through them. The reverse of NextViewport.",,,beginner,View|Viewport,visualise,view,navigate,,,https://docs.mcneel.com/rhino/9/help/en-us/commands/prevviewport.htm
,Print,Rhino,File,"Sends layouts or viewports to a printer or PDF with scale, line width and colour controls. The final step in issuing drawings from Rhino.",Ctrl+P,,intermediate,File|Documentation|Output,document,layout|view,,/rhino9-icons/print.png,,https://docs.mcneel.com/rhino/9/help/en-us/commandlist/command_list.htm
,PrintDisplay,Rhino,View,"Previews print output in the viewport, showing lineweights and print colours as they will plot. Check drawings with this on before sending anything to print.",,,intermediate,Display|Printing,document|visualise,,,/rhino9-icons/printdisplay.png,,https://docs.mcneel.com/rhino/9/help/en-us/commands/printdisplay.htm
,Project,Rhino,Curve,"Projects curves or points straight down (or along a view direction) onto surfaces, polysurfaces or meshes. Used to push plan linework onto terrain or facade geometry.",,,beginner,Curve|From objects|Mapping,create|edit,curve|surface|mesh,,/rhino9-icons/project.png,,https://docs.mcneel.com/rhino/9/help/en-us/commandlist/command_list.htm
,ProjectToCPlane,Rhino,Transform,"Squashes objects flat onto the construction plane, optionally keeping the originals. Instantly turns 3D linework into a true 2D plan underlay.",,,beginner,Transform|Flatten|CPlane,transform|edit,curve|surface|mesh|point,move,/rhino9-icons/projecttocplane.png,,https://docs.mcneel.com/rhino/9/help/en-us/commandlist/command_list.htm
,Properties,Rhino,Edit,"Opens the panel showing the selected object's layer, colour, material and type-specific settings. The everyday place to check and adjust what something is.",F3,,beginner,Edit|Properties|Panel,organise|edit,curve|surface|solid|subd|mesh|point|annotation,,/rhino9-icons/properties.png,,https://docs.mcneel.com/rhino/9/help/en-us/commandlist/command_list.htm
,PropertiesPage,Rhino,Edit,"Opens the Properties panel directly at a named page. Like OptionsPage, it exists mainly for toolbar buttons and macros that jump straight to a setting.",,,advanced,Interface|Macros,organise,,,,,https://docs.mcneel.com/rhino/9/help/en-us/commands/propertiespage.htm
,Pull,Rhino,Curve,Pulls curves or points onto a surface by the shortest path rather than a fixed direction. Better than Project on steep or doubly curved surfaces where projection would distort placement.,,,intermediate,Curve|From objects|Mapping,create|edit,curve|surface,,/rhino9-icons/pull.png,,https://docs.mcneel.com/rhino/9/help/en-us/commandlist/command_list.htm
,Purge,Rhino,Tools,"Deletes unused layers, blocks, materials and other invisible data bloating the file. Often reclaims dramatic file size on long-running project models.",,,beginner,Tools|Clean-up|File health,organise,layer,,/rhino9-icons/purge.png,,https://docs.mcneel.com/rhino/9/help/en-us/commandlist/command_list.htm
,PushPull,Rhino,Solid,"Drags planar regions directly in or out to add or remove material, SketchUp-style. Introduced in Rhino 8, it makes fast massing edits without explicit boolean commands.",,,beginner,Solid|Edit|Direct modelling,create|edit,solid|surface|curve,thicken|cut,/rhino9-icons/pushpull.png,,https://docs.mcneel.com/rhino/9/help/en-us/commandlist/command_list.htm
,PushViewportToBack,Rhino,View,Sends the active viewport behind the others in the stacking order. Useful for shuffling overlapping floating viewports.,,,beginner,View|Viewport,visualise,view,,,,https://docs.mcneel.com/rhino/9/help/en-us/commands/pushviewporttoback.htm
,Pyramid,Rhino,Solid,"Creates a solid pyramid with any number of base sides. Instant geometry for pyramidal roofs, skylights and obelisks.",,,beginner,Solid|Create|Primitive,create,solid,,/rhino9-icons/pyramid.png,,https://docs.mcneel.com/rhino/9/help/en-us/commandlist/command_list.htm
,QuadrangulateMesh,Rhino,Mesh,"Merges pairs of triangles into quads where they lie close to planar. Tidies triangulated meshes into cleaner, lighter topology.",,,intermediate,Mesh|Edit|Topology,edit,mesh,join,,,https://docs.mcneel.com/rhino/9/help/en-us/commandlist/command_list.htm
,QuadRemesh,Rhino,SubD,"Rebuilds any mesh, surface or SubD as a clean quad-dominant mesh, optionally converting straight to SubD. Transforms scan data and faceted models into sculptable, well-flowing geometry.",,,advanced,SubD|Mesh|Retopology,edit,mesh|subd|surface,smooth,/rhino9-icons/quadremesh.png,,https://docs.mcneel.com/rhino/9/help/en-us/commandlist/command_list.htm
,Radiate,Rhino,SubD,Applies live radial symmetry to a SubD so edits repeat around an axis. Added in Rhino 8 for rotationally patterned objects like lighting pieces and radial pavilions.,,,advanced,SubD|Edit|Symmetry,edit|transform,subd,array|rotate,,,https://docs.mcneel.com/rhino/9/help/en-us/commandlist/command_list.htm
,Radius,Rhino,Analyze,Reports the radius of a curve at a picked point. Quick verification that curved elements meet minimum bend or turning radii.,,,beginner,Analyze|Measure,analyse,curve,measure,,,https://docs.mcneel.com/rhino/9/help/en-us/commandlist/command_list.htm
,RailRevolve,Rhino,Surface,"Revolves a profile around an axis while its outer edge follows a rail curve, so the radius varies as it turns. Useful for shells and vault-like forms that are not purely circular in plan.",,,advanced,Surface|Create|Rotation,create,surface|curve,rotate,/rhino9-icons/railrevolve_rt.png,,https://docs.mcneel.com/rhino/9/help/en-us/commandlist/command_list.htm
,ReadCommandFile,Rhino,Tools,Runs a plain text file of Rhino commands line by line. Simple batch automation without writing a proper script.,,,advanced,Scripting,organise,,,,,https://docs.mcneel.com/rhino/9/help/en-us/commands/readcommandfile.htm
,ReadEveryIGESEntity,Rhino,File,"An import troubleshooting toggle that forces Rhino to read every entity in an IGES file, including types normally skipped. Try it when an IGES import appears to be missing geometry.",,,advanced,Import/Export|IGES,organise,,,,,https://docs.mcneel.com/rhino/9/help/en-us/commands/readeveryigesentity.htm
,ReadViewportsFromFile,Rhino,View,Loads the viewport arrangement and views saved in another model file. Useful for standardising view setups across project files.,,,intermediate,View|Viewport,visualise|organise,view,,,,https://docs.mcneel.com/rhino/9/help/en-us/commands/readviewportsfromfile.htm
,Rebuild,Rhino,Edit,"Reconstructs curves or surfaces with a chosen degree and control point count, evening out their structure. Standard clean-up before matching, deforming or exporting geometry.",,,intermediate,Edit|Rebuild|Clean-up,edit,curve|surface,smooth,/rhino9-icons/rebuild.png,,https://docs.mcneel.com/rhino/9/help/en-us/commandlist/command_list.htm
,RebuildCrvNonUniform,Rhino,Curve,"Refits a curve with non-uniformly spaced control points to a tolerance, placing fewer points on straight runs and more where the curve bends. Often gives cleaner results than plain Rebuild on mixed geometry.",,,advanced,Curve|Editing,edit,curve,smooth,,,https://docs.mcneel.com/rhino/9/help/en-us/commands/rebuildcrvnonuniform.htm
,RebuildEdges,Rhino,Analyze,Restores surface edges to their exact original positions after they have been forced by JoinEdge or drifted out of tolerance. A repair step when edge gaps start causing downstream failures.,,,advanced,Edge Tools|Repair,edit,surface|solid,,/rhino9-icons/rebuildedges.png,,https://docs.mcneel.com/rhino/9/help/en-us/commands/rebuildedges.htm
,RebuildMeshNormals,Rhino,Mesh,"Recalculates a mesh's normals from its face geometry, discarding any custom vertex normals. The usual fix for odd shading on imported meshes.",,,intermediate,Mesh|Repair,edit,mesh,,/rhino9-icons/rebuildmeshnormals.png,,https://docs.mcneel.com/rhino/9/help/en-us/commands/rebuildmeshnormals.htm
,RebuildUV,Rhino,Surface,Rebuilds a surface in just the U or V direction with a chosen point count. Useful for evening out isocurve distribution in one direction while leaving the other intact.,,,advanced,Surface|Edit|Rebuild,edit,surface,smooth,,,https://docs.mcneel.com/rhino/9/help/en-us/commandlist/command_list.htm
,RecordAnimation,Rhino,Render,"Renders each frame of the set-up animation out to image files. The production step after previewing with PlayAnimation, ready for assembling into video.",,,intermediate,Animation|Rendering,visualise,view,,,,https://docs.mcneel.com/rhino/9/help/en-us/commands/recordanimation.htm
,Rectangle,Rhino,Curve,"Draws a rectangular polyline from two corners, a centre, or three points, with a rounded-corner option. The starting point for most plan footprints and panel outlines.",,,beginner,Curve|Drawing|2D,create,curve,,/rhino9-icons/rectangle_corner.png,,https://docs.mcneel.com/rhino/9/help/en-us/commandlist/command_list.htm
,Redo,Rhino,Edit,Reinstates the last change that Undo reversed. Handy when you step back one change too far.,Ctrl+Y,,beginner,Edit|History,edit,,,,,https://docs.mcneel.com/rhino/9/help/en-us/commandlist/command_list.htm
,RedoMultiple,Rhino,Edit,Redoes several undone steps in one go. The counterpart to UndoMultiple for stepping back and forth through model history quickly.,,,beginner,Undo,edit,,,,,https://docs.mcneel.com/rhino/9/help/en-us/commands/redomultiple.htm
,RedoView,Rhino,View,Re-applies a view change undone with UndoView. Lets you step forward again through camera history without re-navigating.,,,beginner,View,visualise,view,navigate,,,https://docs.mcneel.com/rhino/9/help/en-us/commands/redoview.htm
,ReduceMesh,Rhino,Mesh,Lowers a mesh's polygon count while preserving its shape as far as possible. Essential for taming scan data and dense downloads before they slow the model.,,,intermediate,Mesh|Edit|Optimisation,edit,mesh,,/rhino9-icons/reducemesh.png,,https://docs.mcneel.com/rhino/9/help/en-us/commandlist/command_list.htm
,ReducePolyline,Rhino,Curve,Removes vertices from a polyline while keeping it within a tolerance of the original. Simplifies dense traced or imported polylines into manageable geometry.,,,intermediate,Curve|Editing,edit,curve,smooth,,,https://docs.mcneel.com/rhino/9/help/en-us/commands/reducepolyline.htm
,RefitTrim,Rhino,Surface,"Refits a trimmed surface so a trimmed edge becomes a natural untrimmed edge. Valuable in continuity work, where matching and merging need untrimmed edges to succeed.",,,advanced,Surface|Editing,edit,surface,,/rhino9-icons/refittrim.png,,https://docs.mcneel.com/rhino/9/help/en-us/commands/refittrim.htm
,Reflect,Rhino,SubD,"Maintains a live mirrored half of a SubD so edits on one side update the other instantly. Invaluable for symmetrical furniture, vehicles and pavilion forms.",,,intermediate,SubD|Edit|Symmetry,edit|transform,subd,mirror,,,https://docs.mcneel.com/rhino/9/help/en-us/commandlist/command_list.htm
,RefreshAllTextures,Rhino,Render,"Reloads every texture image from disk, picking up edits made outside Rhino. Use it after tweaking a texture in an image editor so the viewport catches up.",,,beginner,Rendering|Textures,visualise,,,/rhino9-icons/refreshalltextures.png,,https://docs.mcneel.com/rhino/9/help/en-us/commands/refreshalltextures.htm
,RefreshShade,Rhino,Render,"Discards and regenerates the display meshes of selected objects. The go-to fix when shaded surfaces look faceted, torn or out of date.",,,intermediate,Display|Mesh,visualise,,,,,https://docs.mcneel.com/rhino/9/help/en-us/commands/refreshshade.htm
,ReleaseFromCage,Rhino,Transform,"Disconnects objects from their cage-edit control object, freezing them in their current deformed shape. Do this once a cage deformation is final.",,,advanced,Transform|Cage Editing,transform|edit,,,,,https://docs.mcneel.com/rhino/9/help/en-us/commands/releasefromcage.htm
,RemapCPlane,Rhino,Transform,"Re-orients objects from one construction plane to another, as if the geometry were drawn on the new plane. Excellent for moving 2D details onto sloped or vertical faces.",,,intermediate,Transform|Placement|CPlane,transform,curve|surface|solid|subd|mesh|point,move|rotate,/rhino9-icons/remapcplane.png,,https://docs.mcneel.com/rhino/9/help/en-us/commandlist/command_list.htm
,RememberCopyOptions,Rhino,Transform,Toggles whether transform commands remember your last Copy yes/no choice between uses. Set it to suit whether you usually move or usually duplicate.,,,beginner,Transform|Settings,organise|transform,,,,,https://docs.mcneel.com/rhino/9/help/en-us/commands/remembercopyoptions.htm
,RemoveControlPoint,Rhino,Edit,"Deletes control points from a curve, or a whole row from a surface, letting the shape relax accordingly. Used to simplify over-defined geometry.",,,intermediate,Control Points|Editing,edit,curve|surface,,,,https://docs.mcneel.com/rhino/9/help/en-us/commands/removecontrolpoint.htm
,RemoveCrease,Rhino,SubD,Returns creased SubD edges or vertices to smooth. Used when a hard edge should melt back into the surrounding form.,,,intermediate,SubD|Edit|Edges,edit,subd,smooth,,,https://docs.mcneel.com/rhino/9/help/en-us/commandlist/command_list.htm
,RemoveFromGroup,Rhino,Edit,Takes selected objects out of their group while leaving the rest grouped. Useful for promoting one element out of a set for separate treatment.,,,beginner,Edit|Groups|Organisation,organise,curve|surface|solid|mesh,,,,https://docs.mcneel.com/rhino/9/help/en-us/commandlist/command_list.htm
,RemoveGuide,Rhino,Tools,Deletes guide lines placed with AddGuide. Keeps the infinite construction guides tidy once setting-out is done.,,,beginner,Modelling Aids|Guides,organise,,,,,https://docs.mcneel.com/rhino/9/help/en-us/commands/removeguide.htm
,RemoveKnot,Rhino,Curve,"Deletes a knot from a curve or surface, simplifying its control structure with a slight shape change. Used to lighten over-detailed geometry before matching or exporting.",,,advanced,Curve|Edit|Control points,edit,curve|surface,smooth,,,https://docs.mcneel.com/rhino/9/help/en-us/commandlist/command_list.htm
,RemoveMappingChannel,Rhino,Render,Deletes a texture-mapping channel from the selected objects. Cleans up mapping setups that have accumulated unused channels.,,,advanced,Rendering|Texture Mapping,visualise|organise,,,,,https://docs.mcneel.com/rhino/9/help/en-us/commands/removemappingchannel.htm
,RemoveMultiKnot,Rhino,Edit,"Removes stacked multiple knots from curves and surfaces, restoring smooth continuity where kinks were held. An advanced clean-up for geometry destined for high-quality surfacing.",,,advanced,Curve|Surface|Editing,edit,curve|surface,smooth,,,https://docs.mcneel.com/rhino/9/help/en-us/commands/removemultiknot.htm
,RemovePerFaceColors,Rhino,Mesh,"Strips per-face display colours from meshes and SubDs, returning them to their object colour. Undoes face-painting used during design studies.",,,intermediate,Mesh|SubD|Display,edit|visualise,mesh|subd,,/rhino9-icons/removeperfacecolors.png,,https://docs.mcneel.com/rhino/9/help/en-us/commands/removeperfacecolors.htm
,RemoveSymmetry,Rhino,SubD,Removes the symmetry constraint from a SubD so its mirrored halves can be edited independently. Use it once a symmetric form needs asymmetric refinement.,,,intermediate,SubD|Symmetry,edit,subd,,,,https://docs.mcneel.com/rhino/9/help/en-us/commands/removesymmetry.htm
,Render,Rhino,Render,Renders the current view with the active renderer into the render window. The starting point for presentation images beyond viewport captures.,,,intermediate,Render|Presentation|Images,visualise,view,,/rhino9-icons/render.png,,https://docs.mcneel.com/rhino/9/help/en-us/commandlist/command_list.htm
,RenderAssignMaterialToLayer,Rhino,Render,Assigns a render material to chosen layers so everything on them inherits it. The layer-based approach that keeps large models' materials manageable.,,,intermediate,Rendering|Materials,visualise|organise,layer,,,,https://docs.mcneel.com/rhino/9/help/en-us/commands/renderassignmaterialtolayer.htm
,RenderAssignMaterialToLayersOfObjects,Rhino,Render,Assigns a render material to the layers that the selected objects sit on. A shortcut for layer-based materials when it is easier to pick objects than layer names.,,,intermediate,Rendering|Materials,visualise|organise,layer,,,,https://docs.mcneel.com/rhino/9/help/en-us/commands/renderassignmaterialtolayersofobjects.htm
,RenderAssignMaterialToObjects,Rhino,Render,"Assigns a render material directly to the selected objects, overriding their layer material. Use it for one-off material changes on individual elements.",,,intermediate,Rendering|Materials,visualise,,,,,https://docs.mcneel.com/rhino/9/help/en-us/commands/renderassignmaterialtoobjects.htm
,RenderBlowup,Rhino,Render,"Renders a picked region of the viewport enlarged, giving a high-resolution look at part of the frame. Useful for inspecting a detail without rendering the whole image at huge size.",,,intermediate,Rendering,visualise,,,,,https://docs.mcneel.com/rhino/9/help/en-us/commands/renderblowup.htm
,Rendering,Rhino,Render,"Opens the Rendering panel with the current renderer's settings, including resolution, quality and lighting options. Set things up here before pressing Render.",,,intermediate,Rendering|Panels,visualise|organise,,,,,https://docs.mcneel.com/rhino/9/help/en-us/commands/rendering.htm
,RenderInWindow,Rhino,Render,Renders only a rectangle of the view that you drag out. Saves time when you are iterating on one part of an image.,,,beginner,Rendering,visualise,,,,,https://docs.mcneel.com/rhino/9/help/en-us/commands/renderinwindow.htm
,RenderMergeIdenticalMaterials,Rhino,Render,Merges duplicate identical render materials in the document into one. Declutters material lists bloated by imports and copy-pasting between files.,,,intermediate,Rendering|Materials,organise,,,/rhino9-icons/rendermergeidenticalmaterials.png,,https://docs.mcneel.com/rhino/9/help/en-us/commands/rendermergeidenticalmaterials.htm
,RenderOpenLastRendering,Rhino,Render,Reopens the most recent rendering saved with the file in the render window. Handy for revisiting the last result without re-rendering.,,,beginner,Rendering,visualise,,,,,https://docs.mcneel.com/rhino/9/help/en-us/commands/renderopenlastrendering.htm
,RenderOpenRenderImage,Rhino,Render,"Opens a saved render image file in Rhino's render window, where post-effects and adjustments are available. Lets you revisit and tweak older renders.",,,intermediate,Rendering,visualise,,,,,https://docs.mcneel.com/rhino/9/help/en-us/commands/renderopenrenderimage.htm
,RenderPreview,Rhino,Render,"Renders the current view at draft quality for a fast check of composition, lighting and materials. Iterate here before committing to a full-quality render.",,,beginner,Rendering,visualise,,,,,https://docs.mcneel.com/rhino/9/help/en-us/commands/renderpreview.htm
,RenderPreviewInWindow,Rhino,Render,Renders a selected region of the view at draft quality. The quickest possible feedback loop when tuning one area of an image.,,,beginner,Rendering,visualise,,,,,https://docs.mcneel.com/rhino/9/help/en-us/commands/renderpreviewinwindow.htm
,RenderPreviewWindow,Rhino,Render,Runs a draft-quality render in the render window. A quicker stand-in for Render while a scene is still evolving.,,,beginner,Rendering,visualise,,,,,https://docs.mcneel.com/rhino/9/help/en-us/commands/renderpreviewwindow.htm
,RenderReportImageFiles,Rhino,Render,Lists all the image and texture files the document references. Useful for auditing linked assets before archiving or sending a file to someone else.,,,intermediate,Rendering|Textures,analyse|organise,,,,,https://docs.mcneel.com/rhino/9/help/en-us/commands/renderreportimagefiles.htm
,RenderReportMissingImageFiles,Rhino,Render,Lists referenced texture and image files that cannot be found on disk. The first step in fixing renders full of missing-texture pink.,,,intermediate,Rendering|Textures,analyse|organise,,,,,https://docs.mcneel.com/rhino/9/help/en-us/commands/renderreportmissingimagefiles.htm
,RenderWindow,Rhino,Render,"Opens the render window showing the most recent render. Where render results live, along with save and post-effect options.",,,beginner,Rendering,visualise,,,,,https://docs.mcneel.com/rhino/9/help/en-us/commands/renderwindow.htm
,RepairSubD,Rhino,SubD,Checks a SubD object for damaged or invalid structure and attempts to fix it. Reach for it when a SubD starts misbehaving after heavy editing or import.,,,intermediate,SubD|Repair,edit,subd,,/rhino9-icons/repairsubd.png,,https://docs.mcneel.com/rhino/9/help/en-us/commands/repairsubd.htm
,Reparameterize,Rhino,Edit,"Changes the parameter domain of a curve or surface, for example to a 0-to-1 range, without altering its shape. Mostly matters for scripting, texture flow and flow-along-surface operations.",,,advanced,Curve|Surface|Advanced,edit,curve|surface,,,,https://docs.mcneel.com/rhino/9/help/en-us/commands/reparameterize.htm
,ReplaceBlock,Rhino,Edit,"Swaps selected block instances over to a different block definition. Perfect for replacing placeholder components, such as swapping massing trees for detailed ones.",,,intermediate,Blocks,edit|organise,,,,,https://docs.mcneel.com/rhino/9/help/en-us/commands/replaceblock.htm
,Rescue3dmFile,Rhino,File,Attempts to salvage geometry from a damaged or corrupt 3dm file. A last-resort recovery tool when a model will not open normally.,,,advanced,File|Recovery,organise,,,/rhino9-icons/rescue3dmfile.png,,https://docs.mcneel.com/rhino/9/help/en-us/commands/rescue3dmfile.htm
,Reset,Rhino,Tools,Restores Rhino's settings and window arrangement towards factory defaults. A troubleshooting reset for when the interface or behaviour has become unrecognisable.,,,intermediate,Settings|Troubleshooting,organise,,,,,https://docs.mcneel.com/rhino/9/help/en-us/commands/reset.htm
,ResetMessageBoxes,Rhino,Tools,Re-enables warning dialogs previously dismissed with a do-not-show-again tick. Useful when a suppressed warning turns out to have mattered.,,,beginner,Settings,organise,,,,,https://docs.mcneel.com/rhino/9/help/en-us/commands/resetmessageboxes.htm
,Restore,Rhino,View,"Restores the Rhino application window from a maximised or minimised state to its previous size and position. A window-management helper, mainly for scripts.",,,beginner,Window|Interface,organise,,,,,https://docs.mcneel.com/rhino/9/help/en-us/commands/restore.htm
,RevCloud,Rhino,Dimension,Draws a revision cloud around areas of change on a drawing. Added in Rhino 8 to support standard drawing issue and mark-up conventions.,,,beginner,Dimension|Annotation|Revisions,document,annotation|curve,annotate,/rhino9-icons/revcloud.png,,https://docs.mcneel.com/rhino/9/help/en-us/commandlist/command_list.htm
,Revert,Rhino,File,Abandons unsaved changes and reloads the file from disk. The emergency exit after an experiment goes wrong beyond comfortable undoing.,,,beginner,File|Document,organise,,,/rhino9-icons/revert.png,,https://docs.mcneel.com/rhino/9/help/en-us/commandlist/command_list.htm
,Revolve,Rhino,Surface,"Spins a profile curve around an axis to create a surface of revolution. The fastest route to domes, columns, bowls and other rotationally symmetrical forms.",,,beginner,Surface|Create|Rotation,create,surface|curve,rotate,/rhino9-icons/revolve.png,,https://docs.mcneel.com/rhino/9/help/en-us/commandlist/command_list.htm
,RevolvedHole,Rhino,Solid,"Cuts a hole with a revolved custom profile into a solid, ideal for countersinks, counterbores and chamfered recesses. More control than a plain round hole.",,,advanced,Solid|Holes,edit,solid,cut,,,https://docs.mcneel.com/rhino/9/help/en-us/commands/revolvedhole.htm
,Rib,Rhino,Solid,"Adds a rib, a thin stiffening slab grown from a curve, onto a solid. A product-design feature tool that also suits fins and brackets in fabrication models.",,,advanced,Solid|Features,create|edit,solid|curve,thicken,/rhino9-icons/rib.png,,https://docs.mcneel.com/rhino/9/help/en-us/commands/rib.htm
,Ribbon,Rhino,Surface,"Creates a ribbon: it offsets a curve and builds the surface between the curve and its offset. An instant flat strip for paths, borders and edging.",,,intermediate,Surface|Offset,create,curve|surface,offset,/rhino9-icons/ribbon.png,,https://docs.mcneel.com/rhino/9/help/en-us/commands/ribbon.htm
,RibbonOffset,Rhino,Curve,"Offsets a curve while automatically resolving self-intersections, then builds a clean ribbon surface between curve and offset. Much more reliable than plain Offset around tight, complex outlines.",,,intermediate,Curve|Offset,create,curve|surface,offset,,,https://docs.mcneel.com/rhino/9/help/en-us/commands/ribbonoffset.htm
,Rotate,Rhino,Transform,"Rotates objects around a centre point within the construction plane. Constant companion for orienting plans, furniture and site elements.",,,beginner,Transform|Rotation,transform,curve|surface|solid|subd|mesh|point,rotate,/rhino9-icons/rotate.png,,https://docs.mcneel.com/rhino/9/help/en-us/commandlist/command_list.htm
,Rotate3D,Rhino,Transform,"Rotates objects around an axis you define by two points in space. Needed whenever the rotation is out of the construction plane, like tilting a roof panel.",,,intermediate,Transform|Rotation|3D,transform,curve|surface|solid|subd|mesh|point,rotate,/rhino9-icons/rotate3d_rt.png,,https://docs.mcneel.com/rhino/9/help/en-us/commandlist/command_list.htm
,RotateCamera,Rhino,View,"Swivels the camera in place, like turning your head rather than orbiting the model. Useful for interior views where the eye position must stay fixed.",,,intermediate,View|Navigation|Camera,visualise,view,navigate|rotate,/rhino9-icons/rotatecamera_rt.png,,https://docs.mcneel.com/rhino/9/help/en-us/commandlist/command_list.htm
,RotateHole,Rhino,Solid,Rotates an existing hole feature on a solid face to a new orientation without re-cutting it. Part of Rhino's hole-editing family alongside move and mirror.,,,intermediate,Solid|Holes,edit|transform,solid,rotate,/rhino9-icons/rotatehole.png,,https://docs.mcneel.com/rhino/9/help/en-us/commands/rotatehole.htm
,RotateView,Rhino,View,Orbits the camera around the view target. The keyboard-driven counterpart to right-mouse orbiting in perspective views.,,,beginner,View|Navigation,visualise,view,navigate|rotate,/rhino9-icons/rotateview.png,,https://docs.mcneel.com/rhino/9/help/en-us/commandlist/command_list.htm
,RoundHole,Rhino,Solid,"Cuts a circular hole into a solid at a picked point, with depth and direction options. Faster than drawing a cylinder and boolean-subtracting for fixings and service penetrations.",,,beginner,Solid|Edit|Holes,edit,solid,cut,,,https://docs.mcneel.com/rhino/9/help/en-us/commandlist/command_list.htm
,Run,Rhino,Tools,Launches an external program from within Rhino. Occasionally useful in scripted pipelines that hand files to other software.,,,advanced,Scripting|Utilities,organise,,,,,https://docs.mcneel.com/rhino/9/help/en-us/commands/run.htm
,RunPythonScript,Rhino,Tools,"Runs a Python script file, Rhino's main door to Python automation. The command behind most custom toolbar buttons that do clever things.",,,advanced,Scripting|Python,organise,,,,,https://docs.mcneel.com/rhino/9/help/en-us/commands/runpythonscript.htm
,RunScript,Rhino,Tools,"Runs RhinoScript code or a script file. The classic automation route on Windows Rhino, predating the Python tools.",,,advanced,Scripting,organise,,,,,https://docs.mcneel.com/rhino/9/help/en-us/commands/runscript.htm
,Save,Rhino,File,"Saves the current model, including its render meshes and previews. Frequent saving plus IncrementalSave is cheap insurance on live projects.",Ctrl+S,,beginner,File|Document,organise,,,/rhino9-icons/save.png,,https://docs.mcneel.com/rhino/9/help/en-us/commandlist/command_list.htm
,SaveACopy,Rhino,File,Saves the current model to a new file while you carry on working in the original. Perfect for milestone snapshots and issuing versions without switching files.,,,beginner,File,organise,,,,,https://docs.mcneel.com/rhino/9/help/en-us/commands/saveacopy.htm
,SaveAs,Rhino,File,"Saves the model under a new name, location or earlier Rhino version. Also the route to handing files to consultants on older releases.",,,beginner,File|Document,organise,,copy,,,https://docs.mcneel.com/rhino/9/help/en-us/commandlist/command_list.htm
,SaveAsTemplate,Rhino,File,"Saves the current file as a template, preserving its units, layers, annotation styles and settings for new projects. Build one good template and every project starts properly set up.",,,intermediate,File|Templates,organise,,,,,https://docs.mcneel.com/rhino/9/help/en-us/commands/saveastemplate.htm
,SaveRenderWindowAs,Rhino,Render,Saves the image in the render window to a file such as PNG or JPEG. The final step of getting a render out of Rhino and into a presentation.,,,beginner,Rendering|File,visualise|document,,,,,https://docs.mcneel.com/rhino/9/help/en-us/commands/saverenderwindowas.htm
,SaveSmall,Rhino,File,Saves without render meshes to produce a much smaller file. Standard practice before emailing or archiving large models.,,,beginner,File|Document|Optimisation,organise,,,,,https://docs.mcneel.com/rhino/9/help/en-us/commandlist/command_list.htm
,SaveWindowLayout,Rhino,View,"Saves the current arrangement of panels and toolbars as a named window layout. Switch between task-specific setups, such as modelling versus drafting, in one step.",,,intermediate,Interface|Workspace,organise,,,,,https://docs.mcneel.com/rhino/9/help/en-us/commands/savewindowlayout.htm
,Scale,Rhino,Transform,"Resizes objects uniformly in all directions from an origin, by factor or reference distance. Used to correct imported drawing scales and resize elements proportionally.",,,beginner,Transform|Size,transform,curve|surface|solid|subd|mesh|point,scale,/rhino9-icons/scale.png,,https://docs.mcneel.com/rhino/9/help/en-us/commandlist/command_list.htm
,Scale1D,Rhino,Transform,"Stretches objects along a single direction only. Ideal for lengthening a table, corridor or facade bay without changing its other proportions.",,,beginner,Transform|Size,transform,curve|surface|solid|subd|mesh|point,scale,,,https://docs.mcneel.com/rhino/9/help/en-us/commandlist/command_list.htm
,Scale2D,Rhino,Transform,Scales objects in two directions while holding the third. Useful for resizing plans in plan-only without altering heights.,,,beginner,Transform|Size,transform,curve|surface|solid|subd|mesh|point,scale,,,https://docs.mcneel.com/rhino/9/help/en-us/commandlist/command_list.htm
,ScaleEach,Rhino,Transform,"Scales every selected object individually about its own base point, rather than the whole selection about one origin. Resize a field of repeated elements in place without them drifting apart.",,,intermediate,Transform|Scale,transform,,scale,,,https://docs.mcneel.com/rhino/9/help/en-us/commands/scaleeach.htm
,ScaleNU,Rhino,Transform,"Scales objects by independent factors along X, Y and Z. The tool for squashing or stretching massing studies non-uniformly.",,,intermediate,Transform|Size,transform,curve|surface|solid|subd|mesh|point,scale,,,https://docs.mcneel.com/rhino/9/help/en-us/commandlist/command_list.htm
,ScalePositions,Rhino,Transform,"Scales the distances between selected objects without resizing the objects themselves. Spread out or gather an arrangement, such as a furniture layout, while every piece keeps its size.",,,intermediate,Transform|Scale,transform,,move|scale,,,https://docs.mcneel.com/rhino/9/help/en-us/commands/scalepositions.htm
,ScaleTextHeight,Rhino,Dimension,Scales the text height of selected annotations by a factor. The quick fix when notes and dimensions turn out the wrong size for the drawing scale.,,,beginner,Annotation|Text,document|edit,annotation,scale|annotate,/rhino9-icons/scaletextheight.png,,https://docs.mcneel.com/rhino/9/help/en-us/commands/scaletextheight.htm
,ScreenCaptureToClipboard,Rhino,View,"Captures the active viewport, as displayed on screen, to the clipboard. The fastest route from model to email or slide deck.",,,beginner,Capture|Display,visualise|document,view,,,,https://docs.mcneel.com/rhino/9/help/en-us/commands/screencapturetoclipboard.htm
,ScreenCaptureToFile,Rhino,View,"Captures the active viewport, as displayed on screen, straight to an image file. Good for quick record shots without setting up a render.",,,beginner,Capture|Display,visualise|document,view,,,,https://docs.mcneel.com/rhino/9/help/en-us/commands/screencapturetofile.htm
,ScriptEditor,Rhino,Tools,"Opens Rhino's script editor for writing, debugging and running Python and C# code. The modern home for automation, introduced alongside Rhino 8's scripting overhaul.",,,advanced,Scripting|Python,organise,,,,,https://docs.mcneel.com/rhino/9/help/en-us/commands/scripteditor.htm
,Section,Rhino,Curve,Creates section curves where a picked plane slices through objects. Quick one-off cuts for studying profiles or extracting a single section line for drawings.,,,beginner,Curve|From objects|Sections,create|document|analyse,curve|surface|solid|mesh,cut,,,https://docs.mcneel.com/rhino/9/help/en-us/commandlist/command_list.htm
,SectionStyles,Rhino,View,"Controls how clipped geometry displays at the cut, including hatch, fill and edge styling per object or layer. Part of the Rhino 8 sectioning workflow for drawing-quality live sections.",,,advanced,View|Section|Documentation,document|visualise,view|layout,annotate,,,https://docs.mcneel.com/rhino/9/help/en-us/commandlist/command_list.htm
,SelAll,Rhino,Edit,"Selects every visible, unlocked object in the model. Common first step before bulk transforms, exports or clean-ups.",Ctrl+A,,beginner,Edit|Selection,organise,curve|surface|solid|subd|mesh|point|annotation,,,,https://docs.mcneel.com/rhino/9/help/en-us/commandlist/command_list.htm
,SelAnnotationStyle,Rhino,Edit,Selects all annotations that use a given annotation style. Ideal for auditing drawings or updating every note in one style at once.,,,intermediate,Selection|Annotation,organise,annotation,,,,https://docs.mcneel.com/rhino/9/help/en-us/commands/selannotationstyle.htm
,SelBadObjects,Rhino,Analyze,Selects every invalid object in the model in one command. Pairs with Check to locate and repair or replace corrupt geometry.,,,intermediate,Analyze|Diagnostics|Selection,analyse|organise,curve|surface|solid|mesh,,,,https://docs.mcneel.com/rhino/9/help/en-us/commandlist/command_list.htm
,SelBlockInstance,Rhino,Edit,Selects block instances in the model. Useful before block-wide operations such as replacing or counting components.,,,beginner,Selection|Blocks,organise,,,,,https://docs.mcneel.com/rhino/9/help/en-us/commands/selblockinstance.htm
,SelBlockInstanceNamed,Rhino,Edit,"Selects every instance of a specific block definition by name. The quick way to grab all copies of one component, such as a particular window type.",,,intermediate,Selection|Blocks,organise,,,,,https://docs.mcneel.com/rhino/9/help/en-us/commands/selblockinstancenamed.htm
,SelBoundary,Rhino,Edit,"Selects objects using a closed boundary curve you pick as the selection region. Lets a drawn outline, such as a site boundary, do the selecting for you.",,,intermediate,Selection,organise,,,,,https://docs.mcneel.com/rhino/9/help/en-us/commands/selboundary.htm
,SelBrush,Rhino,Edit,Selects objects by painting over them with a draggable brush. A natural fit for picking through cluttered areas where window selections grab too much.,,,beginner,Selection,organise,,,,,https://docs.mcneel.com/rhino/9/help/en-us/commands/selbrush.htm
,SelBrushPoints,Rhino,Edit,Selects control points by painting over them with a brush. Invaluable in sculpting workflows on dense point grids and SubD control cages.,,,intermediate,Selection|Control Points,organise,point,,,,https://docs.mcneel.com/rhino/9/help/en-us/commands/selbrushpoints.htm
,SelCaptives,Rhino,Edit,"Selects every object currently captured by a control object, such as a cage created with CageEdit. Useful for checking which geometry is still being deformed by a cage before you edit or release it.",,,intermediate,Selection,organise,curve|surface|solid|mesh,,,,https://docs.mcneel.com/rhino/9/help/en-us/commands/selcaptives.htm
,SelChain,Rhino,Edit,"Selects a run of curves or edges connected end to end from one pick. Speeds up choosing rails and boundaries for sweeps, lofts and fillets.",,,intermediate,Edit|Selection|Curves,organise,curve|surface,,,,https://docs.mcneel.com/rhino/9/help/en-us/commandlist/command_list.htm
,SelChildren,Rhino,Edit,Adds the history children of the current selection - the objects that were built from it and update when it changes. Reach for it when you need everything that depends on a parent curve or surface.,,,intermediate,Selection|History,organise,curve|surface|solid,,,,https://docs.mcneel.com/rhino/9/help/en-us/commands/selchildren.htm
,SelCircular,Rhino,Edit,"Selects objects by dragging a circular region in the viewport rather than the usual rectangular window, with window or crossing behaviour. Handy for grabbing everything around a point, such as a column and its fittings.",,,beginner,Selection,organise,,,,,https://docs.mcneel.com/rhino/9/help/en-us/commands/selcircular.htm
,SelClippingPlane,Rhino,Edit,"Selects all clipping plane objects in the model. Clipping planes are often hard to pick amongst dense geometry, so this gathers them in one go for moving, hiding or deleting.",,,beginner,Selection|Clipping Planes,organise,,,,,https://docs.mcneel.com/rhino/9/help/en-us/commands/selclippingplane.htm
,SelClippingPlaneInViewport,Rhino,Edit,Selects only the clipping planes that affect the active viewport. Useful in models where different views carry different section cuts and you want to adjust just the ones cutting the current view.,,,intermediate,Selection|Clipping Planes,organise,view,,,,https://docs.mcneel.com/rhino/9/help/en-us/commands/selclippingplaneinviewport.htm
,SelClosedCrv,Rhino,Edit,Selects all closed curves in the model in one go. Handy when preparing profiles for extrusion or checking which outlines are ready to become surfaces.,,,beginner,Selection,organise,curve,,,,https://docs.mcneel.com/rhino/9/help/en-us/commands/selclosedcrv.htm
,SelClosedMesh,Rhino,Edit,"Selects all closed, watertight meshes - the ones ready for 3D printing or Boolean work. A quick audit before export.",,,beginner,Selection,organise,mesh,,,,https://docs.mcneel.com/rhino/9/help/en-us/commands/selclosedmesh.htm
,SelClosedPolysrf,Rhino,Edit,"Selects every closed polysurface - that is, watertight solids. Useful for auditing a model before Boolean operations, sectioning or volume calculations.",,,beginner,Selection,organise,solid,,,,https://docs.mcneel.com/rhino/9/help/en-us/commands/selclosedpolysrf.htm
,SelClosedSrf,Rhino,Edit,"Selects all closed single surfaces, such as spheres and tori. Pairs with SelOpenSrf when sorting a model by what is sealed and what is not.",,,beginner,Selection,organise,surface,,,,https://docs.mcneel.com/rhino/9/help/en-us/commands/selclosedsrf.htm
,SelClosedSubD,Rhino,Edit,Selects all closed SubD objects - those with no open edges. Handy when checking which SubD forms are watertight before converting or printing.,,,beginner,Selection|SubD,organise,subd,,,,https://docs.mcneel.com/rhino/9/help/en-us/commands/selopensubd.htm
,SelColor,Rhino,Edit,Selects all objects displaying a chosen colour. Useful for rounding up imports whose colours came in by object rather than layer.,,,beginner,Edit|Selection|Filter,organise,curve|surface|solid|mesh,,,,https://docs.mcneel.com/rhino/9/help/en-us/commandlist/command_list.htm
,SelConnected,Rhino,Edit,Grows a sub-object selection on a mesh or SubD to include everything topologically connected to it. Saves laborious clicking when you need a whole region of faces or edges.,,,intermediate,Selection|Sub-objects,organise,mesh|subd,,,,https://docs.mcneel.com/rhino/9/help/en-us/commands/selconnected.htm
,SelConnectedMeshFaces,Rhino,Edit,"From a picked face, selects all the mesh faces joined to it. Useful for grabbing one shell of a mesh that actually contains several disjoint pieces.",,,intermediate,Selection|Mesh,organise,mesh,,,,https://docs.mcneel.com/rhino/9/help/en-us/commands/selconnectedmeshfaces.htm
,SelControls,Rhino,Edit,"Selects the control objects, such as CageEdit cages, that are deforming other geometry. Pairs with SelCaptives when tidying up or removing cage-editing set-ups.",,,intermediate,Selection,organise,,,,,https://docs.mcneel.com/rhino/9/help/en-us/commands/selcontrols.htm
,SelCrossing,Rhino,Edit,"Runs a crossing selection: drag a window and anything the rectangle touches is selected, not only what sits fully inside. The explicit command form is mainly useful in macros and scripts.",,,beginner,Selection,organise,,,,,https://docs.mcneel.com/rhino/9/help/en-us/commands/selcrossing.htm
,SelCrv,Rhino,Edit,Selects all curve objects in one hit. Ideal for bulk operations like moving construction linework to its own layer.,,,beginner,Edit|Selection|Filter,organise,curve,,,,https://docs.mcneel.com/rhino/9/help/en-us/commandlist/command_list.htm
,SelDetail,Rhino,Edit,"Selects detail viewports on the active layout. Handy when a detail's border is hard to pick, or you want every detail at once before locking them against accidental panning.",,,intermediate,Selection|Layouts,organise,layout,,,,https://docs.mcneel.com/rhino/9/help/en-us/commands/seldetail.htm
,SelDim,Rhino,Edit,"Selects every dimension in the model. A quick way to gather annotation for moving to a dedicated layer, restyling or purging.",,,beginner,Selection|Annotation,organise,annotation,,,,https://docs.mcneel.com/rhino/9/help/en-us/commands/seldim.htm
,SelDimAngular,Rhino,Edit,"Selects all angular dimensions, leaving other annotation alone. Useful when a drawing's angle callouts need restyling or checking as a set.",,,beginner,Selection|Annotation,organise,annotation,,,,https://docs.mcneel.com/rhino/9/help/en-us/commands/seldimangular.htm
,SelDimCentermark,Rhino,Edit,Selects all centre-mark annotations - the cross marks placed at circle and arc centres - so they can be restyled or tidied as a set.,,,beginner,Selection|Annotation,organise,annotation,,,,https://docs.mcneel.com/rhino/9/help/en-us/commands/seldimcentermark.htm
,SelDimLinear,Rhino,Edit,"Selects all linear and aligned dimensions in one go, so a drawing's main measurements can be restyled or moved together.",,,beginner,Selection|Annotation,organise,annotation,,,,https://docs.mcneel.com/rhino/9/help/en-us/commands/seldimlinear.htm
,SelDimOrdinate,Rhino,Edit,Selects all ordinate dimensions - the datum-based callouts used on fabrication drawings - so they can be managed as a set.,,,intermediate,Selection|Annotation,organise,annotation,,,,https://docs.mcneel.com/rhino/9/help/en-us/commands/seldimordinate.htm
,SelDimOverride,Rhino,Edit,Selects dimensions whose annotation-style settings have been overridden on the object. Useful for auditing drawings where individual dimensions have drifted from the document standard.,,,intermediate,Selection|Annotation,organise,annotation,,,,https://docs.mcneel.com/rhino/9/help/en-us/commands/seldimoverride.htm
,SelDimRadial,Rhino,Edit,"Selects all radius and diameter dimensions, handy when circular callouts need checking or restyling across a drawing.",,,beginner,Selection|Annotation,organise,annotation,,,,https://docs.mcneel.com/rhino/9/help/en-us/commands/seldimradial.htm
,SelDimTextOverride,Rhino,Edit,"Selects dimensions whose displayed text has been typed over rather than showing the true measured value. Well worth running before issuing drawings, so faked figures do not slip through.",,,intermediate,Selection|Annotation,organise,annotation,,,,https://docs.mcneel.com/rhino/9/help/en-us/commands/seldimtextoverride.htm
,SelDot,Rhino,Edit,Selects all annotation dots - the screen-facing labels that keep a constant size. Useful for restyling or clearing markers scattered through a model.,,,beginner,Selection|Annotation,organise,annotation,,,,https://docs.mcneel.com/rhino/9/help/en-us/commands/seldot.htm
,SelDup,Rhino,Edit,Selects objects that are exact duplicates sitting on top of others. The classic pre-delete step for cleaning files bloated by double geometry.,,,beginner,Edit|Selection|Clean-up,organise|analyse,curve|surface|solid|mesh|point,,,,https://docs.mcneel.com/rhino/9/help/en-us/commandlist/command_list.htm
,SelDupAll,Rhino,Edit,"Selects all duplicate objects including the originals, unlike SelDup which leaves one copy of each unselected. Use it to review a duplication problem before deciding what to keep.",,,intermediate,Selection,organise,,,,,https://docs.mcneel.com/rhino/9/help/en-us/commands/seldupall.htm
,Select,Rhino,Edit,Command-line object selection: prompts you to pick objects and adds them to the current selection. Mostly used inside macros and scripts where an explicit selection step is needed.,,,beginner,Selection,organise,,,,,https://docs.mcneel.com/rhino/9/help/en-us/commands/select.htm
,SelectionFilter,Rhino,Edit,"Opens the selection filter control, which limits picking to chosen object types such as curves, surfaces or annotation. Invaluable in dense models where clicks keep landing on the wrong thing.",,,beginner,Selection,organise,,,/rhino9-icons/selectionfilter.png,,https://docs.mcneel.com/rhino/9/help/en-us/commands/selectionfilter.htm
,SelectionFilterEdges,Rhino,Edit,"Sets the selection filter so that picks grab edge sub-objects of surfaces, meshes and SubDs without holding Ctrl+Shift. Turn it off again once the edge work is done.",,,intermediate,Selection|Sub-objects,organise,surface|mesh|subd,,,,https://docs.mcneel.com/rhino/9/help/en-us/commands/selectionfilteredges.htm
,SelectionFilterEnable,Rhino,Edit,Switches the selection filter on or off without changing its settings - a quick escape when the filter is blocking normal picking.,,,beginner,Selection,organise,,,,,https://docs.mcneel.com/rhino/9/help/en-us/commands/selectionfilterenable.htm
,SelectionFilterFaces,Rhino,Edit,"Sets the selection filter so that picks grab face sub-objects, useful for repeated face-level editing on SubDs, meshes and polysurfaces.",,,intermediate,Selection|Sub-objects,organise,surface|mesh|subd,,,,https://docs.mcneel.com/rhino/9/help/en-us/commands/selectionfilterfaces.htm
,SelectionFilterNone,Rhino,Edit,Clears every tick in the selection filter so nothing can be picked - mainly used at the start of macros before enabling only the types wanted.,,,intermediate,Selection,organise,,,,,https://docs.mcneel.com/rhino/9/help/en-us/commands/selectionfilternone.htm
,SelectionFilterToggle,Rhino,Edit,"Toggles the selection filter between enabled and disabled while keeping its current settings, so you can flip in and out of filtered picking quickly.",,,beginner,Selection,organise,,,,,https://docs.mcneel.com/rhino/9/help/en-us/commands/selectionfiltertoggle.htm
,SelectionFilterVertices,Rhino,Edit,Sets the selection filter so that picks grab vertex and control-point sub-objects - useful for stretches of point-level editing on meshes and SubDs.,,,intermediate,Selection|Sub-objects,organise,mesh|subd,,,,https://docs.mcneel.com/rhino/9/help/en-us/commands/selectionfiltervertices.htm
,SelEdgeLoop,Rhino,Edit,"From one picked edge, selects the whole edge loop running across a mesh or SubD. Essential in SubD modelling for creasing, deleting or transforming a complete feature line at once.",,,intermediate,Selection|Sub-objects,organise,mesh|subd,,,,https://docs.mcneel.com/rhino/9/help/en-us/commands/seledgeloop.htm
,SelEdgeRing,Rhino,Edit,Selects an edge ring - the parallel edges marching around a mesh or SubD - from a single pick. Complements SelEdgeLoop when harvesting topology for editing.,,,intermediate,Selection|Sub-objects,organise,mesh|subd,,,,https://docs.mcneel.com/rhino/9/help/en-us/commands/seledgering.htm
,SelExtrusion,Rhino,Edit,"Selects all lightweight extrusion objects in the model. Useful when you need to convert them to polysurfaces for editing, or to see what UseExtrusions has been creating.",,,intermediate,Selection,organise,solid,,,,https://docs.mcneel.com/rhino/9/help/en-us/commands/selextrusion.htm
,SelFaceLoop,Rhino,Edit,"Selects a run of faces forming a loop across a SubD or mesh from one picked face - quick material for extruding, colouring or deleting a whole strip.",,,intermediate,Selection|Sub-objects,organise,mesh|subd,,,,https://docs.mcneel.com/rhino/9/help/en-us/commands/selfaceloop.htm
,SelFacesToBoundary,Rhino,Edit,"Grows a face selection on a SubD or mesh outwards until it reaches a boundary such as creases, open edges or selected edges - a fast way to fill a bounded region of faces.",,,intermediate,Selection|Sub-objects,organise,mesh|subd,,,,https://docs.mcneel.com/rhino/9/help/en-us/commands/selfacestoboundary.htm
,SelFence,Rhino,Edit,Selects by drawing a freehand fence line through the model; anything the line crosses is selected. Good for picking a scattered string of objects in one stroke.,,,beginner,Selection,organise,,,,,https://docs.mcneel.com/rhino/9/help/en-us/commands/selfence.htm
,SelFontUse,Rhino,Edit,"Selects the text and annotation that use a particular font. Useful when standardising drawings, or hunting down notes set in the wrong typeface after a file swap.",,,intermediate,Selection|Annotation,organise,annotation,,,,https://docs.mcneel.com/rhino/9/help/en-us/commands/selfontuse.htm
,SelGroup,Rhino,Edit,Selects a group by choosing its name from a list - a lifesaver when groups are buried in a crowded model or sit off screen.,,,beginner,Selection|Groups,organise,,,,,https://docs.mcneel.com/rhino/9/help/en-us/commands/selgroup.htm
,SelHatch,Rhino,Edit,"Selects every hatch in the model, useful for moving all fills to their own layer or adjusting them after a drawing revision.",,,beginner,Selection|Annotation,organise,annotation,,,,https://docs.mcneel.com/rhino/9/help/en-us/commands/selhatch.htm
,SelHatchPattern,Rhino,Edit,"Selects all hatches that use a specified pattern - for example, to swap every brick hatch for a different style in one edit.",,,intermediate,Selection|Annotation,organise,annotation,,,,https://docs.mcneel.com/rhino/9/help/en-us/commands/selhatchpattern.htm
,SelID,Rhino,Edit,"Selects an object by typing or pasting its unique identifier (GUID). Mostly a scripting and troubleshooting tool - for instance, chasing down an object reported by an audit command.",,,advanced,Selection,organise,,,,,https://docs.mcneel.com/rhino/9/help/en-us/commands/selid.htm
,SelLast,Rhino,Edit,"Reselects the objects changed or created by the most recent command. Invaluable for chaining operations, like moving what you just imported.",,,beginner,Edit|Selection|Workflow,organise,curve|surface|solid|mesh|point,,,,https://docs.mcneel.com/rhino/9/help/en-us/commandlist/command_list.htm
,SelLayer,Rhino,Edit,"Selects every object on layers you choose. Combines with hide, export or transform commands for layer-wide operations.",,,beginner,Edit|Selection|Layers,organise,layer|curve|surface|solid|mesh,,,,https://docs.mcneel.com/rhino/9/help/en-us/commandlist/command_list.htm
,SelLayerNumber,Rhino,Edit,Selects everything on a layer identified by its position number in the layer list. Largely a legacy and scripting convenience - most people select by layer name instead.,,,intermediate,Selection|Layers,organise,layer,,,,https://docs.mcneel.com/rhino/9/help/en-us/commands/sellayernumber.htm
,SelLeader,Rhino,Edit,"Selects all leaders - the arrowed annotation callouts - so they can be restyled, re-layered or purged together.",,,beginner,Selection|Annotation,organise,annotation,,,,https://docs.mcneel.com/rhino/9/help/en-us/commands/selleader.htm
,SelLight,Rhino,Edit,"Selects all light objects - spotlights, point lights, rectangular lights and the rest - which are often awkward to click in a busy scene.",,,beginner,Selection|Rendering,organise,,,,,https://docs.mcneel.com/rhino/9/help/en-us/commands/sellight.htm
,SelLine,Rhino,Edit,"Selects all straight line curves, ignoring arcs and freeform curves. Handy when cleaning up imported CAD linework or isolating construction lines.",,,beginner,Selection,organise,curve,,,,https://docs.mcneel.com/rhino/9/help/en-us/commands/selline.htm
,SelLinetype,Rhino,Edit,"Selects objects drawn with a given linetype - useful when reorganising imported drawings where dashed, chain and continuous lines carry different meanings.",,,intermediate,Selection|Linetypes,organise,curve,,,,https://docs.mcneel.com/rhino/9/help/en-us/commands/sellinetype.htm
,SelMappingWidget,Rhino,Edit,"Selects texture-mapping widgets - the box, sphere or plane gizmos that control how textures wrap objects - so you can move or scale them. They are easy to lose track of in the viewport.",,,intermediate,Selection|Rendering,organise,,,,,https://docs.mcneel.com/rhino/9/help/en-us/commands/selmappingwidget.htm
,SelMaterialName,Rhino,Edit,"Selects every object that uses a particular material, chosen by name. A quick way to audit or re-assign materials across a scene before rendering.",,,intermediate,Selection|Rendering,organise,,,,,https://docs.mcneel.com/rhino/9/help/en-us/commands/selmaterialname.htm
,SelMesh,Rhino,Edit,Selects all mesh objects. Convenient for isolating imported context meshes from native NURBS work.,,,beginner,Edit|Selection|Filter,organise,mesh,,,,https://docs.mcneel.com/rhino/9/help/en-us/commandlist/command_list.htm
,SelMeshEdges,Rhino,Edit,"Selects mesh edge sub-objects, gathering edges so operations such as extraction, welding or creasing can act on them directly.",,,intermediate,Selection|Mesh,organise,mesh,,,,https://docs.mcneel.com/rhino/9/help/en-us/commands/selmeshedges.htm
,SelMeshFacesByArea,Rhino,Edit,Selects mesh faces whose area falls within a range you set. Great for finding sliver faces in scan data or exports before repairing or deleting them.,,,intermediate,Selection|Mesh,organise|analyse,mesh,,,,https://docs.mcneel.com/rhino/9/help/en-us/commands/selmeshfacesbyarea.htm
,SelMeshFacesByAspectRatio,Rhino,Edit,"Selects mesh faces by their aspect ratio, flagging the long thin faces that cause shading artefacts and analysis problems. A useful triage step on meshes destined for rendering or simulation.",,,intermediate,Selection|Mesh,organise|analyse,mesh,,,,https://docs.mcneel.com/rhino/9/help/en-us/commands/selmeshfacesbyaspectratio.htm
,SelMeshFacesByDraftAngle,Rhino,Edit,"Selects mesh faces whose draft angle relative to a pull direction falls within a set range. Useful when checking mouldability, CNC tool access or overhangs for 3D printing on mesh models.",,,advanced,Selection|Mesh,organise|analyse,mesh,,,,https://docs.mcneel.com/rhino/9/help/en-us/commands/selmeshfacesbydraftangle.htm
,SelMeshFacesByEdgeLength,Rhino,Edit,"Selects mesh faces with edges longer or shorter than limits you set, helping to locate over-coarse patches or degenerate slivers in a mesh.",,,intermediate,Selection|Mesh,organise|analyse,mesh,,,,https://docs.mcneel.com/rhino/9/help/en-us/commands/selmeshfacesbyedgelength.htm
,SelMeshPart,Rhino,Edit,"Selects one connected piece of a mesh that contains several disjoint parts - pick a face and the whole part highlights, ready to split off or delete. Common when dissecting scan meshes.",,,intermediate,Selection|Mesh,organise,mesh,,,,https://docs.mcneel.com/rhino/9/help/en-us/commands/selmeshpart.htm
,SelMirroredBlocks,Rhino,Edit,"Selects block instances that have been mirrored (negatively scaled). Worth running before export or fabrication, as mirrored blocks can misbehave in other applications.",,,advanced,Selection|Blocks,organise|analyse,,,,,https://docs.mcneel.com/rhino/9/help/en-us/commands/selmirroredblocks.htm
,SelNakedMeshEdgePt,Rhino,Edit,"Selects the mesh vertices lying on naked, unjoined edges, showing exactly where a mesh fails to close. Follow up with welding or edge-matching tools to shut the gaps before printing.",,,intermediate,Selection|Mesh,organise|analyse,mesh|point,,,,https://docs.mcneel.com/rhino/9/help/en-us/commands/selnakedmeshedgept.htm
,SelName,Rhino,Edit,"Selects objects by their assigned object name. Depends on disciplined naming, but then gives instant pinpoint selection in large files.",,,intermediate,Edit|Selection|Filter,organise,curve|surface|solid|mesh,,,,https://docs.mcneel.com/rhino/9/help/en-us/commandlist/command_list.htm
,SelNamedViewWidget,Rhino,Edit,"Selects named-view widgets - the camera markers displayed in the model for saved views - so they can be moved, hidden or deleted.",,,intermediate,Selection|Views,organise,view,,,,https://docs.mcneel.com/rhino/9/help/en-us/commands/selnamedviewwidget.htm
,SelNone,Rhino,Edit,Clears the current selection entirely. Useful in scripts and when Escape is mapped elsewhere.,,,beginner,Edit|Selection,organise,,,,,https://docs.mcneel.com/rhino/9/help/en-us/commandlist/command_list.htm
,SelNonManifold,Rhino,Edit,"Selects non-manifold edges, where more than two faces meet along one edge - a defect that breaks 3D printing and Boolean operations. Use it alongside ZoomNonManifold to inspect each problem spot.",,,advanced,Selection|Repair,organise|analyse,mesh|solid,,,,https://docs.mcneel.com/rhino/9/help/en-us/commands/selnonmanifold.htm
,SelObjectsWithHistory,Rhino,Edit,"Selects every object carrying construction history, so you can see what will update when parent geometry changes - or purge history before sending a file out.",,,intermediate,Selection|History,organise,,,,,https://docs.mcneel.com/rhino/9/help/en-us/commands/selobjectswithhistory.htm
,SelOpenCrv,Rhino,Edit,Selects all open curves - the ones that fail to close into loops. The usual first step when hunting gaps in linework destined for extrusion or planar surfaces.,,,beginner,Selection,organise,curve,,,,https://docs.mcneel.com/rhino/9/help/en-us/commands/selopencrv.htm
,SelOpenMesh,Rhino,Edit,Selects all meshes with naked edges - the ones not yet watertight. A quick audit before 3D printing or Boolean work.,,,beginner,Selection,organise,mesh,,,,https://docs.mcneel.com/rhino/9/help/en-us/commands/selopenmesh.htm
,SelOpenPolysrf,Rhino,Edit,Selects every open polysurface - joined surfaces that do not seal into a solid. Run it before Booleans or volume calculations to find the leaky models.,,,beginner,Selection,organise,surface,,,,https://docs.mcneel.com/rhino/9/help/en-us/commands/selopenpolysrf.htm
,SelOpenSrf,Rhino,Edit,"Selects all open single surfaces, complementing SelClosedSrf when sorting a model by what is sealed and what is not.",,,beginner,Selection,organise,surface,,,,https://docs.mcneel.com/rhino/9/help/en-us/commands/selopensrf.htm
,SelOpenSubD,Rhino,Edit,Selects all SubD objects with open edges - the unfinished or deliberately open forms - so they can be reviewed or closed up.,,,beginner,Selection|SubD,organise,subd,,,,https://docs.mcneel.com/rhino/9/help/en-us/commands/selopensubd.htm
,SelParents,Rhino,Edit,Adds the history parents of the current selection - the input geometry that drives it. Useful for finding which curve to edit when you want a lofted or extruded surface to update.,,,intermediate,Selection|History,organise,,,,,https://docs.mcneel.com/rhino/9/help/en-us/commands/selparents.htm
,SelPicture,Rhino,Edit,Selects all picture objects - reference images placed with the Picture command - which tend to hide behind geometry and resist picking.,,,beginner,Selection,organise,,,,,https://docs.mcneel.com/rhino/9/help/en-us/commands/selpicture.htm
,SelPlanarCrv,Rhino,Edit,"Selects all curves that lie flat in a plane - the ones eligible for PlanarSrf, hatching or clean extrusion. Anything left unselected probably has a stray point off-plane.",,,beginner,Selection,organise,curve,,,,https://docs.mcneel.com/rhino/9/help/en-us/commands/selplanarcrv.htm
,SelPlanarSrf,Rhino,Edit,"Selects all planar surfaces - flat faces such as floor plates and panels - which is useful before flattening, hatching or replacing them with simpler geometry.",,,beginner,Selection,organise,surface,,,,https://docs.mcneel.com/rhino/9/help/en-us/commands/selplanarsrf.htm
,SelPolyline,Rhino,Edit,Selects all polylines - curves made purely of straight segments - handy for isolating imported CAD linework or set-out geometry from freeform curves.,,,beginner,Selection,organise,curve,,,,https://docs.mcneel.com/rhino/9/help/en-us/commands/selpolyline.htm
,SelPolysrf,Rhino,Edit,"Selects all polysurfaces, including closed solids. Quick filter when exporting or re-layering built massing.",,,beginner,Edit|Selection|Filter,organise,solid|surface,,,,https://docs.mcneel.com/rhino/9/help/en-us/commandlist/command_list.htm
,SelPrev,Rhino,Edit,Restores the previous selection set. A lifesaver after accidentally deselecting a painstaking multi-pick.,,,beginner,Edit|Selection|Workflow,organise,curve|surface|solid|mesh|point,,,,https://docs.mcneel.com/rhino/9/help/en-us/commandlist/command_list.htm
,SelPt,Rhino,Edit,Selects every point object. Typical use is deleting leftover setting-out or divide points before issuing a model.,,,beginner,Edit|Selection|Filter,organise,point,,,,https://docs.mcneel.com/rhino/9/help/en-us/commandlist/command_list.htm
,SelPtCloud,Rhino,Edit,"Selects all point cloud objects, which are otherwise fiddly to pick amongst geometry. Useful when managing survey and scan data alongside a model.",,,beginner,Selection,organise,point,,,,https://docs.mcneel.com/rhino/9/help/en-us/commands/selptcloud.htm
,SelRectangular,Rhino,Edit,"Rectangular region selection as an explicit command, with window and crossing options - chiefly useful inside macros where the selection method must be spelt out.",,,beginner,Selection,organise,,,,,https://docs.mcneel.com/rhino/9/help/en-us/commands/selrectangular.htm
,SelRenderColor,Rhino,Edit,Selects objects whose render colour matches one you specify - a way of grouping geometry by colour in models where materials were assigned loosely.,,,intermediate,Selection|Rendering,organise,,,,,https://docs.mcneel.com/rhino/9/help/en-us/commands/selrendercolor.htm
,SelSelfIntersectingCrv,Rhino,Edit,"Selects curves that cross themselves. Self-intersections wreck offsets, extrusions and planar surfaces, so this is a key clean-up check on imported or traced linework.",,,intermediate,Selection|Repair,organise|analyse,curve,,,,https://docs.mcneel.com/rhino/9/help/en-us/commands/selselfintersectingcrv.htm
,SelShortCrv,Rhino,Edit,"Selects curves shorter than a length you give - the classic way to find the stray slivers left behind by exploding, importing or aggressive trimming.",,,beginner,Selection|Repair,organise,curve,,,,https://docs.mcneel.com/rhino/9/help/en-us/commands/selshortcrv.htm
,SelSmall,Rhino,Edit,Selects objects smaller than a size you give. Excellent for catching slivers and debris left over from trims and imports.,,,intermediate,Edit|Selection|Clean-up,organise|analyse,curve|surface|solid|mesh,,,,https://docs.mcneel.com/rhino/9/help/en-us/commandlist/command_list.htm
,SelSrf,Rhino,Edit,Selects every single-surface object in the model. Useful for separating unjoined surfaces from finished polysurfaces during clean-ups.,,,beginner,Edit|Selection|Filter,organise,surface,,,,https://docs.mcneel.com/rhino/9/help/en-us/commandlist/command_list.htm
,SelSubD,Rhino,Edit,Selects all SubD objects in the model. Useful when converting or re-layering sculpted concept geometry en masse.,,,beginner,Edit|Selection|Filter,organise,subd,,,,https://docs.mcneel.com/rhino/9/help/en-us/commandlist/command_list.htm
,SelSubDEdges,Rhino,Edit,"Selects SubD edge sub-objects, gathering edges ready for creasing, bevelling or transforming without picking them one by one.",,,intermediate,Selection|SubD,organise,subd,,,,https://docs.mcneel.com/rhino/9/help/en-us/commands/selsubdedges.htm
,SelSubDFriendlyCrv,Rhino,Edit,Selects curves that are SubD-friendly - degree 3 with uniform structure - and therefore behave well as inputs to SubD tools. Anything unselected may need MakeSubDFriendly first.,,,intermediate,Selection|SubD,organise,curve,,,,https://docs.mcneel.com/rhino/9/help/en-us/commands/selsubdfriendlycrv.htm
,SelText,Rhino,Edit,"Selects all text objects in the model, useful for restyling notes, moving them to an annotation layer or checking fonts across a drawing set.",,,beginner,Selection|Annotation,organise,annotation,,,,https://docs.mcneel.com/rhino/9/help/en-us/commands/seltext.htm
,SelTrimmedSrf,Rhino,Edit,"Selects all trimmed surfaces - those whose underlying surface has been cut back by trims. Useful before shrinking, untrimming or checking a model for export.",,,intermediate,Selection,organise,surface,,,,https://docs.mcneel.com/rhino/9/help/en-us/commands/seltrimmedsrf.htm
,SelU,Rhino,Edit,"With control points on, selects an entire row of points running in the surface's U direction from a single pick - far faster than window-selecting rows when sculpting surfaces.",,,intermediate,Selection|Control Points,organise,surface|point,,,,https://docs.mcneel.com/rhino/9/help/en-us/commands/selu.htm
,SelUntrimmedSrf,Rhino,Edit,Selects all untrimmed surfaces - full four-sided sheets with no cuts - complementing SelTrimmedSrf when auditing how a model was built.,,,intermediate,Selection,organise,surface,,,,https://docs.mcneel.com/rhino/9/help/en-us/commands/seluntrimmedsrf.htm
,SelUV,Rhino,Edit,"Selects the crossing rows of control points in both the U and V directions through a picked point, giving a cross-shaped selection for symmetrical surface editing.",,,intermediate,Selection|Control Points,organise,surface|point,,,,https://docs.mcneel.com/rhino/9/help/en-us/commands/seluv.htm
,SelV,Rhino,Edit,"With control points on, selects an entire row of points running in the surface's V direction from a single pick - the partner to SelU for fast row-based surface editing.",,,intermediate,Selection|Control Points,organise,surface|point,,,,https://docs.mcneel.com/rhino/9/help/en-us/commands/selv.htm
,SelVisible,Rhino,Edit,"Selects only the objects actually visible in the current viewport, ignoring geometry hidden behind other objects in shaded views. Good for grabbing exactly what a client sees in a particular view.",,,intermediate,Selection,organise,,,,,https://docs.mcneel.com/rhino/9/help/en-us/commands/selvisible.htm
,SelVolumeObject,Rhino,Edit,Selects objects inside or crossing a closed solid you pick - selection by real 3D volume rather than a screen window. Useful for harvesting everything within a massing volume or zone.,,,intermediate,Selection,organise,,,,,https://docs.mcneel.com/rhino/9/help/en-us/commands/selvolumeobject.htm
,SelVolumePipe,Rhino,Edit,"Selects objects inside an imaginary pipe along a curve - for example, everything within a set distance of a route, cable run or road centreline.",,,intermediate,Selection,organise,,,,,https://docs.mcneel.com/rhino/9/help/en-us/commands/selvolumepipe.htm
,SelVolumeSphere,Rhino,Edit,Selects objects inside a sphere you define by centre and radius - a true three-dimensional radius search around a point in the model.,,,intermediate,Selection,organise,,,,,https://docs.mcneel.com/rhino/9/help/en-us/commands/selvolumesphere.htm
,SelWindow,Rhino,Edit,Window selection as an explicit command: only objects entirely inside the dragged rectangle are selected. Mainly for macros and scripts that need the method spelt out.,,,beginner,Selection,organise,,,,,https://docs.mcneel.com/rhino/9/help/en-us/commands/selwindow.htm
,SendBackward,Rhino,Edit,"Moves the selected object one step back in the draw order, changing how overlapping curves, hatches and pictures stack on screen and in prints. Draw order matters most in 2D drawing and presentation work.",,,beginner,Draw Order,organise|visualise,curve|annotation,,,,https://docs.mcneel.com/rhino/9/help/en-us/commands/sendbackward.htm
,SendToBack,Rhino,Edit,"Sends the selected object to the very back of the draw order, so everything else displays and prints on top of it - the usual treatment for background images and fills.",,,beginner,Draw Order,organise|visualise,curve|annotation,,,,https://docs.mcneel.com/rhino/9/help/en-us/commands/sendtoback.htm
,SetActiveViewport,Rhino,View,Makes a named viewport the active one from the command line - a scripting and macro building block rather than something you would type by hand.,,,intermediate,Viewports,visualise,view,,,,https://docs.mcneel.com/rhino/9/help/en-us/commands/setactiveviewport.htm
,SetCurrentRenderPlugIn,Rhino,Render,Chooses which installed render engine - Rhino Render or a third-party renderer - the Render command and render tools drive. Switch here when a project moves between quick previews and production rendering.,,,intermediate,Rendering,visualise,,,,,https://docs.mcneel.com/rhino/9/help/en-us/commands/setcurrentrenderplugin.htm
,SetDimensionLayer,Rhino,Dimension,"Nominates a layer that new dimensions and annotation land on automatically, keeping drawing notes off your modelling layers without constant layer switching.",,,intermediate,Annotation|Layers,organise|document,annotation|layer,,,,https://docs.mcneel.com/rhino/9/help/en-us/commands/setdimensionlayer.htm
,SetDisplayMode,Rhino,View,"Switches the viewport between display modes such as Wireframe, Shaded, Rendered, Ghosted, Arctic and Raytraced. Different modes suit drafting, design review and presentation checking.",,,beginner,View|Display|Modes,visualise,view,,,,https://docs.mcneel.com/rhino/9/help/en-us/commandlist/command_list.htm
,SetDocumentUserText,Rhino,File,"Attaches key-value text data to the document itself - job numbers, revision notes, project metadata - which scripts, Grasshopper and title-block fields can read back.",,,intermediate,User Text,document|organise,,,,,https://docs.mcneel.com/rhino/9/help/en-us/commands/setdocumentusertext.htm
,SetFlythroughAnimation,Rhino,Render,"Sets up a fly-through animation in which the camera travels along a path curve you choose, and Rhino records the frames. The classic way to walk a client through a scheme.",,,intermediate,Animation,visualise,view|curve,,,,https://docs.mcneel.com/rhino/9/help/en-us/commands/setflythroughanimation.htm
,SetGroupName,Rhino,Edit,Renames an existing group so it can be found and selected by a meaningful name later - worth doing as models grow and 'Group01' stops meaning anything.,,,beginner,Groups,organise,,,,,https://docs.mcneel.com/rhino/9/help/en-us/commands/setgroupname.htm
,SetIgesLayerLevelMap,Rhino,File,Controls how Rhino layers map to level numbers when exchanging IGES files - needed when a receiving CAD system expects a particular level convention.,,,advanced,Import/Export,document,layer,,,,https://docs.mcneel.com/rhino/9/help/en-us/commands/setigeslayerlevelmap.htm
,SetLayerLinetype,Rhino,Edit,"Assigns a linetype to a layer from the command line, so everything on that layer inherits it - the scriptable counterpart to setting it in the Layers panel.",,,intermediate,Layers|Linetypes,organise,layer,,,,https://docs.mcneel.com/rhino/9/help/en-us/commands/setlayerlinetype.htm
,SetLayerToObject,Rhino,Edit,Makes the current layer whichever layer a picked object sits on - a very quick way to start drawing on the same layer as existing work without opening the Layers panel.,,,beginner,Layers,organise,layer,,,,https://docs.mcneel.com/rhino/9/help/en-us/commands/setlayertoobject.htm
,SetLinetype,Rhino,Edit,"Applies a linetype to the selected objects, overriding what their layer would give them - dashed for demolition, chain for centrelines and so on.",,,beginner,Linetypes,organise,curve,,,,https://docs.mcneel.com/rhino/9/help/en-us/commands/setlinetype.htm
,SetLinetypeScale,Rhino,Edit,"Sets the global scale factor applied to linetype patterns, so dashes and chains read correctly at your model units and print scales.",,,intermediate,Linetypes,organise|document,curve,,,,https://docs.mcneel.com/rhino/9/help/en-us/commands/setlinetypescale.htm
,SetMaximizedViewport,Rhino,View,Maximises a named viewport so it fills the graphics area - mainly used in scripts and toolbar macros to jump straight to a particular working view.,,,intermediate,Viewports,visualise,view,,,,https://docs.mcneel.com/rhino/9/help/en-us/commands/setmaximizedviewport.htm
,SetObjectDisplayMode,Rhino,View,Overrides the display mode of selected objects in a viewport - for instance keeping context buildings wireframe while your proposal shows rendered. One of the best tricks for readable working views and illustrative screenshots.,,,intermediate,Display,visualise,surface|solid|mesh|subd,,/rhino9-icons/setobjectdisplaymode.png,,https://docs.mcneel.com/rhino/9/help/en-us/commands/setobjectdisplaymode.htm
,SetObjectName,Rhino,Edit,"Gives the selected object a name, visible in Properties and usable by selection and reporting tools - the foundation of tidy, searchable models.",,,beginner,Organisation,organise,,,,,https://docs.mcneel.com/rhino/9/help/en-us/commands/setobjectname.htm
,SetOneDaySunAnimation,Rhino,Render,Creates a sun-study animation across a single day: Rhino steps the sun through its positions for a chosen date and location and records the frames. Ideal for shadow studies supporting planning applications.,,,intermediate,Animation|Sun,visualise|analyse,view,,,,https://docs.mcneel.com/rhino/9/help/en-us/commands/setonedaysunanimation.htm
,SetOrtho,Rhino,Tools,"Turns ortho mode on or off from the command line, constraining cursor movement to set angles - the scriptable twin of the status bar's Ortho pane.",,,beginner,Modelling Aids,edit,,,,,https://docs.mcneel.com/rhino/9/help/en-us/commands/setortho.htm
,SetPathAnimation,Rhino,Render,"Animates the camera along a path curve while it aims at a target you define, then records the frames - more controllable than a freehand fly-through for rehearsed presentation routes.",,,intermediate,Animation,visualise,view|curve,,,,https://docs.mcneel.com/rhino/9/help/en-us/commands/setpathanimation.htm
,SetPerFaceColorByFacePack,Rhino,SubD,"Colours each face pack of a SubD with its own flat colour, making visible how faces will group together when the object converts to NURBS. A diagnostic aid for judging SubD topology.",,,advanced,SubD|Display,analyse|visualise,subd,,,,https://docs.mcneel.com/rhino/9/help/en-us/commands/setperfacecolorbyfacepack.htm
,SetPlanar,Rhino,Tools,"Toggles planar mode, which keeps successively picked points at the same construction-plane elevation - helpful when tracing plans or drawing flat linework in a 3D view.",,,beginner,Modelling Aids,edit,,,,,https://docs.mcneel.com/rhino/9/help/en-us/commands/setplanar.htm
,SetPt,Rhino,Transform,"Flattens selected objects or control points to a shared X, Y or Z value. The classic tool for levelling points onto a datum, such as zeroing survey linework to Z0.",,,beginner,Transform|Align|Datum,transform|edit,curve|surface|solid|mesh|point|subd,move,/rhino9-icons/setpt.png,,https://docs.mcneel.com/rhino/9/help/en-us/commandlist/command_list.htm
,SetRedrawOff,Rhino,Tools,Suspends viewport redrawing so scripts and macros run without screen flicker and repaint slowdowns. Pair it with SetRedrawOn when the script finishes.,,,advanced,Scripting,visualise,view,,,,https://docs.mcneel.com/rhino/9/help/en-us/commands/setredrawoff.htm
,SetRedrawOn,Rhino,Tools,"Restores viewport redrawing after SetRedrawOff, refreshing the screen so you can see the results of a script's work.",,,advanced,Scripting,visualise,view,,,,https://docs.mcneel.com/rhino/9/help/en-us/commands/setredrawon.htm
,SetSeasonalSunAnimation,Rhino,Render,"Creates a sun study across the year, animating the sun's position at a fixed time of day through the seasons - useful for solstice-to-solstice shadow and daylight comparisons.",,,intermediate,Animation|Sun,visualise|analyse,view,,,,https://docs.mcneel.com/rhino/9/help/en-us/commands/setseasonalsunanimation.htm
,SetSnap,Rhino,Tools,Sets the grid snap spacing and toggles grid snap from the command line - useful in scripts and when setting up drafting-style precision for orthogonal work.,,,beginner,Modelling Aids,edit,,,,,https://docs.mcneel.com/rhino/9/help/en-us/commands/setsnap.htm
,SetSpotlightToView,Rhino,Render,"Moves the selected spotlight so it shines from the current viewport's camera position: aim the view where you want light, run the command, and the light matches it.",,,intermediate,Lighting,visualise,view,,/rhino9-icons/setspotlighttoview.png,,https://docs.mcneel.com/rhino/9/help/en-us/commands/setspotlighttoview.htm
,SetTurntableAnimation,Rhino,Render,"Sets up a turntable animation in which the camera orbits around the model (or the model appears to spin), recording the frames. The standard product-shot style presentation of an object or massing model.",,,intermediate,Animation,visualise,view,,,,https://docs.mcneel.com/rhino/9/help/en-us/commands/setturntableanimation.htm
,SetUserText,Rhino,Tools,"Attaches key-value text data to selected objects - door numbers, finishes, cost codes - which the Properties panel, scripts and Grasshopper can read back. The lightweight route to data-rich models.",,,intermediate,User Text,organise|document,,,,,https://docs.mcneel.com/rhino/9/help/en-us/commands/setusertext.htm
,SetView,Rhino,View,"Points the viewport at a standard direction such as Top, Front, Right or Perspective, in world or CPlane terms. The command behind the standard view buttons.",,,beginner,View|Navigation,visualise,view,navigate,/rhino9-icons/setview_top.png,,https://docs.mcneel.com/rhino/9/help/en-us/commandlist/command_list.htm
,SetViewFocusDistance,Rhino,View,"Sets the camera's focus distance for the active view, which depth-of-field effects in raytraced display and rendering use to decide what appears sharp.",,,advanced,Camera|Rendering,visualise,view,,,,https://docs.mcneel.com/rhino/9/help/en-us/commands/setviewfocusdistance.htm
,SetViewToSpotlight,Rhino,Render,"Points the active viewport's camera to match a spotlight, so you see exactly what the light covers - invaluable when aiming accent lighting in interiors.",,,intermediate,Lighting,visualise,view,,/rhino9-icons/setviewtospotlight.png,,https://docs.mcneel.com/rhino/9/help/en-us/commands/setviewtospotlight.htm
,SetWorkingFolder,Rhino,File,Sets the default folder Rhino uses when opening and saving files - a small tidy-up that keeps project files landing in the right place during a long session.,,,beginner,Files,organise,,,/rhino9-icons/setworkingfolder.png,,https://docs.mcneel.com/rhino/9/help/en-us/commands/setworkingfolder.htm
,SetZoomExtentsBorder,Rhino,View,"Adjusts how much breathing space Zoom Extents leaves around the model, as a scale factor. Set it once if you find extents zooms habitually too tight or too loose.",,,advanced,Viewports,visualise,view,navigate,,,https://docs.mcneel.com/rhino/9/help/en-us/commands/setzoomextentsborder.htm
,Shade,Rhino,View,Temporarily displays the viewport shaded regardless of its display mode. A quick look at form and shadow while staying in wireframe workflows.,,,beginner,View|Display,visualise,view,,/rhino9-icons/shade.png,,https://docs.mcneel.com/rhino/9/help/en-us/commandlist/command_list.htm
,ShadeSelected,Rhino,View,Displays a temporary shaded preview of just the selected objects while everything else stays wireframe - a quick look at form without changing display modes.,,,beginner,Display,visualise,surface|solid|mesh,,,,https://docs.mcneel.com/rhino/9/help/en-us/commands/shadeselected.htm
,Shear,Rhino,Transform,"Slants objects at an angle while keeping their base fixed. Used for leaning facades, italic-style extrusions and racking studies.",,,intermediate,Transform|Deform,transform|edit,curve|surface|solid|subd|mesh,,/rhino9-icons/shear.png,,https://docs.mcneel.com/rhino/9/help/en-us/commandlist/command_list.htm
,Shell,Rhino,Solid,"Hollows a closed solid to a set wall thickness, removing the faces you pick as openings. Ideal for turning massing volumes into thin-walled enclosures in one move.",,,intermediate,Solid|Edit|Thickness,edit,solid,thicken|offset,,,https://docs.mcneel.com/rhino/9/help/en-us/commandlist/command_list.htm
,ShortPath,Rhino,Curve,"Draws the shortest path (geodesic) curve across a surface between two points - the route a taut string would take over the form. Useful for seam lines, panelling set-out and edge details on doubly curved surfaces.",,,intermediate,Curve From Objects,create,curve|surface,,/rhino9-icons/shortpath.png,,https://docs.mcneel.com/rhino/9/help/en-us/commands/shortpath.htm
,Show,Rhino,Edit,Reveals all hidden objects at once. The blanket undo for a session's worth of hiding.,,,beginner,Edit|Visibility,organise|visualise,curve|surface|solid|subd|mesh|point|annotation,,,,https://docs.mcneel.com/rhino/9/help/en-us/commandlist/command_list.htm
,ShowDir,Rhino,Analyze,"Displays direction and normal arrows on curves and surfaces persistently while you carry on working, unlike Dir's temporary display. Turn the arrows off with ShowDirOff.",,,intermediate,Analysis,analyse,curve|surface,,,,https://docs.mcneel.com/rhino/9/help/en-us/commands/showdir.htm
,ShowDirOff,Rhino,Analyze,Turns off the persistent direction arrows displayed by ShowDir once you have finished checking curve directions and surface normals.,,,intermediate,Analysis,analyse,curve|surface,,,,https://docs.mcneel.com/rhino/9/help/en-us/commands/showdiroff.htm
,ShowEdges,Rhino,Analyze,"Highlights the edges of surfaces and meshes, with naked and non-manifold edges picked out in colour. The go-to diagnostic when a join fails or a solid will not close.",,,intermediate,Analyze|Edges|Diagnostics,analyse|visualise,surface|solid|mesh,,/rhino9-icons/showedges.png,,https://docs.mcneel.com/rhino/9/help/en-us/commandlist/command_list.htm
,ShowEdgesOff,Rhino,Analyze,Turns off the edge highlighting left by ShowEdges once you have finished hunting naked and non-manifold edges.,,,beginner,Edge Tools,analyse,surface|mesh,,,,https://docs.mcneel.com/rhino/9/help/en-us/commands/showedgesoff.htm
,ShowEnds,Rhino,Analyze,Marks the ends of open curves on screen so stray gaps in linework stand out - a great companion when tidying drawings into closed profiles for surfacing or hatching.,,,intermediate,Analysis,analyse,curve,,/rhino9-icons/showends.png,,https://docs.mcneel.com/rhino/9/help/en-us/commands/showends.htm
,ShowEndsOff,Rhino,Analyze,Turns off the curve-end markers displayed by ShowEnds when the linework clean-up is done.,,,intermediate,Analysis,analyse,curve,,,,https://docs.mcneel.com/rhino/9/help/en-us/commands/showendsoff.htm
,ShowInDetail,Rhino,View,"Reveals objects that were hidden in a particular layout detail, restoring per-detail visibility without affecting the model or other views.",,,intermediate,Layouts,organise|document,layout,,,,https://docs.mcneel.com/rhino/9/help/en-us/commands/showindetail.htm
,ShowLayersInDetail,Rhino,View,"Turns layers back on inside a chosen detail after they were hidden there, letting each drawing view on a layout carry its own layer set.",,,intermediate,Layouts|Layers,organise|document,layout|layer,,,,https://docs.mcneel.com/rhino/9/help/en-us/commands/showlayersindetail.htm
,ShowOsnap,Rhino,Tools,"Opens the object snap control so you can tick which snaps - end, mid, centre and the rest - are live while you model.",,,beginner,Object Snaps,edit,,,,,https://docs.mcneel.com/rhino/9/help/en-us/commands/showosnap.htm
,ShowRenderMesh,Rhino,View,"Displays the render mesh that shading and rendering use to approximate NURBS objects, so you can judge whether the mesh is fine enough before rendering or export.",,,advanced,Display|Mesh,analyse|visualise,surface|solid|mesh,,,,https://docs.mcneel.com/rhino/9/help/en-us/commands/showrendermesh.htm
,ShowSelected,Rhino,Edit,"Temporarily displays hidden objects so you can pick which ones to reveal, leaving the rest hidden. Precision control when only some hidden items should return.",,,intermediate,Edit|Visibility,organise|visualise,curve|surface|solid|mesh,,,,https://docs.mcneel.com/rhino/9/help/en-us/commandlist/command_list.htm
,ShowSelectedInDetail,Rhino,View,"Shows chosen hidden objects in the active detail only, giving precise per-view control over what each drawing on a layout displays.",,,intermediate,Layouts,organise|document,layout,,,,https://docs.mcneel.com/rhino/9/help/en-us/commands/showselectedindetail.htm
,ShowToolbar,Rhino,Tools,"Shows a toolbar you name, restoring it after it was closed - the companion to HideToolbar in workspace-arranging macros.",,,beginner,Interface,organise,,,,,https://docs.mcneel.com/rhino/9/help/en-us/commands/showtoolbar.htm
,ShowZBuffer,Rhino,View,"Displays the viewport's depth buffer as a greyscale image, with distance from the camera mapped to tone. Occasionally handy for producing depth maps used in post-production and illustration.",,,advanced,Display,visualise,view,,,,https://docs.mcneel.com/rhino/9/help/en-us/commands/showzbuffer.htm
,ShrinkTrimmedSrf,Rhino,Surface,"Shrinks the hidden underlying surface of a trimmed face so it sits closely around the trim boundary. Good housekeeping before matching, exporting or editing control points.",,,advanced,Surface|Edit|Clean-up,edit,surface,,/rhino9-icons/shrinktrimmedsrf.png,,https://docs.mcneel.com/rhino/9/help/en-us/commandlist/command_list.htm
,ShrinkTrimmedSrfToEdge,Rhino,Surface,"Shrinks a trimmed surface's underlying surface right up to a selected trim edge, cutting away the invisible excess sheet beyond the trims. A finer-grained variant of ShrinkTrimmedSrf.",,,advanced,Surface Edit,edit,surface,,,,https://docs.mcneel.com/rhino/9/help/en-us/commands/shrinktrimmedsrftoedge.htm
,ShrinkWrap,Rhino,Mesh,"Wraps a watertight mesh tightly around any collection of geometry, meshes or point clouds. A Rhino 8 favourite for turning messy scans and mixed models into a single printable solid mesh.",,,intermediate,Mesh|Create|Repair,create|edit,mesh|solid|point,join|thicken,/rhino9-icons/shrinkwrap.png,,https://docs.mcneel.com/rhino/9/help/en-us/commandlist/command_list.htm
,Silhouette,Rhino,Curve,"Extracts outline curves of objects as seen from the current view or a set direction. Useful for shadow studies, elevational outlines and preparing artwork from 3D models.",,,intermediate,Curve|From objects|Outline,create|document,curve|surface|solid|mesh,,/rhino9-icons/silhouette.png,,https://docs.mcneel.com/rhino/9/help/en-us/commandlist/command_list.htm
,SimplifyCrv,Rhino,Curve,"Replaces segments of a polycurve with true lines and arcs where possible, reducing clutter. Excellent for cleaning up curves imported from CAD drawings.",,,intermediate,Curve|Edit|Clean-up,edit,curve,,/rhino9-icons/simplifycrv.png,,https://docs.mcneel.com/rhino/9/help/en-us/commandlist/command_list.htm
,SingleSubDFace,Rhino,SubD,Creates one standalone SubD face from picked corner points. The seed for box-modelling a form face by face with AppendFace.,,,intermediate,SubD|Create|Faces,create,subd,,,,https://docs.mcneel.com/rhino/9/help/en-us/commandlist/command_list.htm
,Sketch,Rhino,Curve,"Draws a freehand curve that follows the dragged cursor, optionally on a surface or mesh. Handy for loose concept lines and annotating models during design reviews.",,,beginner,Curve|Freehand|Concept,create,curve,,/rhino9-icons/sketch.png,,https://docs.mcneel.com/rhino/9/help/en-us/commandlist/command_list.htm
,Slab,Rhino,Solid,Offsets a planar curve and extrudes the result into a solid with thickness and height in one step. A quick way to raise walls from single plan lines.,,,intermediate,Solid|Create|Walls,create,solid|curve,offset|thicken,/rhino9-icons/slab.png,,https://docs.mcneel.com/rhino/9/help/en-us/commandlist/command_list.htm
,Smash,Rhino,Surface,"Roughly flattens a surface that is only slightly doubly curved, ignoring small distortions. A quick-and-dirty alternative to Squish for near-developable panels.",,,advanced,Surface|Fabrication|Flatten,edit,surface,,/rhino9-icons/smash.png,,https://docs.mcneel.com/rhino/9/help/en-us/commandlist/command_list.htm
,Smooth,Rhino,Curve,"Averages out control point positions to relax curves, surfaces or meshes, with per-axis control. Good for calming noisy traced linework or lumpy meshes.",,,intermediate,Curve|Edit|Smoothing,edit,curve|surface|mesh,smooth,/rhino9-icons/smooth.png,,https://docs.mcneel.com/rhino/9/help/en-us/commandlist/command_list.htm
,Snap,Rhino,Tools,"Toggles grid snap, making the cursor jump to grid intersections - the command behind the status bar's Snap pane. Useful for quick orthogonal set-out at regular spacings.",,,beginner,Modelling Aids,edit,,,,,https://docs.mcneel.com/rhino/9/help/en-us/commands/snap.htm
,Snapshots,Rhino,View,"Saves named states combining view, layer visibility, object states and more, with animated transitions between them. Powerful for presenting design options and phasing from one model.",,,intermediate,View|Presentation|States,visualise|organise|document,view|layer,,,,https://docs.mcneel.com/rhino/9/help/en-us/commandlist/command_list.htm
,SnapSize,Rhino,Tools,Sets the grid snap spacing - the distance between the invisible points the cursor jumps to when Snap is on. Match it to your planning grid or module.,,,beginner,Modelling Aids,edit,,,,,https://docs.mcneel.com/rhino/9/help/en-us/commands/snapsize.htm
,SnapToLocked,Rhino,Tools,Toggles whether object snaps engage locked objects. Turn it on to draw accurately over a locked survey or base drawing without risk of moving it.,,,intermediate,Object Snaps,edit,,,,,https://docs.mcneel.com/rhino/9/help/en-us/commands/snaptolocked.htm
,SnapToMeshObject,Rhino,Tools,Toggles whether object snaps find points on mesh objects - switch it off when heavy scan meshes keep hijacking snaps meant for your NURBS model.,,,intermediate,Object Snaps,edit,mesh,,/rhino9-icons/snaptomeshobject.png,,https://docs.mcneel.com/rhino/9/help/en-us/commands/snaptomeshobject.htm
,SnapToOccluded,Rhino,Tools,Toggles snapping to geometry hidden behind other objects in shaded views. Off means you only snap to what you can see; on lets you reach through the model to covered points.,,,intermediate,Object Snaps,edit,,,,,https://docs.mcneel.com/rhino/9/help/en-us/commands/snaptooccluded.htm
,SnapToSubDObject,Rhino,Tools,"Toggles whether object snaps engage SubD objects, letting you decide if snaps should land on smooth SubD forms while drawing around them.",,,intermediate,Object Snaps,edit,subd,,/rhino9-icons/snaptosubdobject.png,,https://docs.mcneel.com/rhino/9/help/en-us/commands/snaptosubdobject.htm
,SoftEditCrv,Rhino,Curve,Drags a point on a curve while nearby regions follow with a smooth falloff. Ideal for nudging long design curves without introducing kinks or editing individual control points.,,,intermediate,Curve|Edit|Sculpting,edit,curve,move|smooth,/rhino9-icons/softeditcrv.png,,https://docs.mcneel.com/rhino/9/help/en-us/commandlist/command_list.htm
,SoftEditSrf,Rhino,Surface,Drags a point on a surface with a smooth circular falloff so the surrounding region follows naturally. Ideal for sculpting gentle bumps and hollows into terrain or shell forms.,,,intermediate,Surface|Edit|Sculpting,edit,surface,move|smooth,/rhino9-icons/softeditsrf_rt.png,,https://docs.mcneel.com/rhino/9/help/en-us/commandlist/command_list.htm
,SoftMove,Rhino,Transform,"Moves geometry or control points with a smooth falloff from a centre, like a soft magnet. Useful for organic nudges to terrain and sculpted surfaces.",,,intermediate,Transform|Deform|Falloff,transform|edit,curve|surface|solid|subd|mesh|point,move|smooth,/rhino9-icons/softmove.png,,https://docs.mcneel.com/rhino/9/help/en-us/commandlist/command_list.htm
,SoftTransform,Rhino,Transform,"Moves, rotates or scales a selection with a smooth falloff, so nearby control points or sub-objects follow progressively less. Sculpting-style editing for SubDs, meshes and dense control-point grids.",,,advanced,Transform|Sub-objects,transform|edit,subd|mesh|surface,move|smooth,/rhino9-icons/softtransform.png,,https://docs.mcneel.com/rhino/9/help/en-us/commands/softtransform.htm
,SolidPtOn,Rhino,Solid,Turns on grip points at the corners and edges of a solid so they can be dragged directly. A light-touch way to deform boxes and simple polysurfaces without exploding them.,,,intermediate,Solid|Edit|Control points,edit,solid,move,,,https://docs.mcneel.com/rhino/9/help/en-us/commandlist/command_list.htm
,Sphere,Rhino,Solid,"Creates a solid sphere from centre and radius or other constructions. Used for domes, finials and quick volumetric placeholders.",,,beginner,Solid|Create|Primitive,create,solid,,/rhino9-icons/sphere.png,,https://docs.mcneel.com/rhino/9/help/en-us/commandlist/command_list.htm
,SphereTangentToThreeSurfaces,Rhino,Solid,"Draws a sphere tangent to three chosen surfaces - a specialist construction useful for fillet set-outs, packing studies and finding the ball that just fits a corner.",,,advanced,Primitives,create,solid|surface,,,,https://docs.mcneel.com/rhino/9/help/en-us/commands/spheretangenttothreesurfaces.htm
,Spiral,Rhino,Curve,"Draws a flat or conical spiral with controllable turns and radii. Useful for ramps, spiral geometry studies and decorative patterns.",,,intermediate,Curve|3D|Spiral,create,curve,,/rhino9-icons/spiral.png,,https://docs.mcneel.com/rhino/9/help/en-us/commandlist/command_list.htm
,Split,Rhino,Edit,"Divides objects into pieces where cutters cross them, keeping every part. Preferred over Trim when you want to recolour, move or keep both sides of a cut.",,,beginner,Edit|Cutting,edit,curve|surface|solid|mesh,split|cut,/rhino9-icons/split.png,,https://docs.mcneel.com/rhino/9/help/en-us/commandlist/command_list.htm
,SplitDisjointMesh,Rhino,Mesh,Breaks a mesh containing unconnected pieces into separate mesh objects. The bulk version of ExtractMeshPart for cleaning imported models.,,,intermediate,Mesh|Edit|Clean-up,edit|organise,mesh,split,/rhino9-icons/splitdisjointmesh.png,,https://docs.mcneel.com/rhino/9/help/en-us/commandlist/command_list.htm
,SplitEdge,Rhino,Analyze,"Splits a surface or polysurface edge at points you pick, so the resulting edge segments can be joined, matched or blended independently. MergeEdge reverses it.",,,intermediate,Edge Tools,edit,surface,split,/rhino9-icons/splitedge.png,,https://docs.mcneel.com/rhino/9/help/en-us/commands/splitedge.htm
,SplitFace,Rhino,Solid,Divides a planar face of a solid along a curve or between points without breaking the solid apart. Sets up sub-faces that MoveFace or PushPull can then manipulate independently.,,,intermediate,Solid|Edit|Faces,edit,solid,split,/rhino9-icons/splitface.png,,https://docs.mcneel.com/rhino/9/help/en-us/commandlist/command_list.htm
,SplitMeshEdge,Rhino,Mesh,"Splits a mesh edge at a point, adding a vertex and dividing the neighbouring faces - low-level mesh surgery for adding local detail or fixing awkward triangulation.",,,advanced,Mesh Edit,edit,mesh,split,/rhino9-icons/splitmeshedge.png,,https://docs.mcneel.com/rhino/9/help/en-us/commands/splitmeshedge.htm
,SplitMeshWithCurve,Rhino,Mesh,"Splits a mesh along a curve projected onto it - the standard way to cut panel lines, site boundaries or trim edges into scan and terrain meshes.",,,intermediate,Mesh Edit,edit,mesh|curve,split|cut,,,https://docs.mcneel.com/rhino/9/help/en-us/commands/splitmeshwithcurve.htm
,SplitPointCloud,Rhino,Edit,"Splits a point cloud into separate clouds, letting you carve a large scan into manageable chunks - one cloud per building, floor or zone.",,,intermediate,Point Clouds,edit|organise,point,split,,,https://docs.mcneel.com/rhino/9/help/en-us/commands/splitpointcloud.htm
,SplitViewportHorizontal,Rhino,View,"Splits the active viewport into two stacked views, giving you an extra viewport without rebuilding the whole layout - useful for a quick plan-over-perspective pairing.",,,beginner,Viewports,visualise,view,,,,https://docs.mcneel.com/rhino/9/help/en-us/commands/splitviewporthorizontal.htm
,SplitViewportVertical,Rhino,View,Splits the active viewport into two side-by-side views - a fast way to work in two views at once without switching to a four-view layout.,,,beginner,Viewports,visualise,view,,,,https://docs.mcneel.com/rhino/9/help/en-us/commands/splitviewportvertical.htm
,Splop,Rhino,Transform,"Copies and morphs an object from a plane onto a surface at picked points, with rotate and scale control while placing. Fun and fast for stamping repeated ornaments over curved forms.",,,advanced,Transform|Deform|Surface,transform|create,surface|solid|curve|mesh,copy,/rhino9-icons/splop.png,,https://docs.mcneel.com/rhino/9/help/en-us/commandlist/command_list.htm
,Sporph,Rhino,Transform,"Morphs objects from one surface's parameter space to another's, deforming them between the two shapes. Used to migrate detailed geometry between design iterations of a surface.",,,advanced,Transform|Deform|Surface,transform|edit,surface|solid|curve|mesh,,,,https://docs.mcneel.com/rhino/9/help/en-us/commandlist/command_list.htm
,Squish,Rhino,Surface,"Flattens doubly curved surfaces or meshes by allowing controlled stretching and compression, and can report the distortion. Used to pattern fabric panels, upholstery and stretch ceilings.",,,advanced,Surface|Fabrication|Flatten,edit|document|analyse,surface|mesh,,/rhino9-icons/squish.png,,https://docs.mcneel.com/rhino/9/help/en-us/commandlist/command_list.htm
,SquishBack,Rhino,Surface,"Takes geometry drawn on a squished (flattened) surface and maps it back onto the original 3D form. Draw your pattern, graphics or cut lines flat, then return them to the curved surface.",,,advanced,Flattening,transform,surface|curve|mesh,,,,https://docs.mcneel.com/rhino/9/help/en-us/commands/squishback.htm
,SquishInfo,Rhino,Analyze,"Reports how a squished object relates to its 3D original, including the flattening data that SquishBack relies on - a check that the link between flat and curved versions is intact.",,,advanced,Flattening,analyse,surface|mesh,,,,https://docs.mcneel.com/rhino/9/help/en-us/commands/squishinfo.htm
,SrfControlPtGrid,Rhino,Surface,Creates a surface from a rectangular grid of points used as control points - the surface is smoothed and guided by the grid rather than passing through it. Useful for building clean freeform surfaces from set-out data.,,,intermediate,Surface Creation,create,surface|point,,/rhino9-icons/srfcontrolptgrid_rt.png,,https://docs.mcneel.com/rhino/9/help/en-us/commands/srfcontrolptgrid.htm
,SrfPt,Rhino,Surface,Creates a surface by picking three or four corner points. Quick for simple planes and twisted quads such as warped roof panels.,,,beginner,Surface|Create|Corners,create,surface|point,,/rhino9-icons/srfpt.png,,https://docs.mcneel.com/rhino/9/help/en-us/commandlist/command_list.htm
,SrfPtGrid,Rhino,Surface,Creates a surface that passes through a rectangular grid of points - handy for rebuilding surveyed terrain or spreadsheet-derived surfaces where the points must be honoured exactly.,,,intermediate,Surface Creation,create,surface|point,,/rhino9-icons/srfptgrid.png,,https://docs.mcneel.com/rhino/9/help/en-us/commands/srfptgrid.htm
,SrfSeam,Rhino,Surface,"Relocates the seam of a closed surface to a different isocurve position. Fixes texture, trim and matching issues that cluster around a badly placed seam.",,,advanced,Surface|Edit|Seam,edit,surface,,/rhino9-icons/srfseam.png,,https://docs.mcneel.com/rhino/9/help/en-us/commandlist/command_list.htm
,STEPTree,Rhino,File,"Shows the assembly structure of a STEP file, so the product tree from an imported engineering model can be browsed and worked with rather than arriving as an anonymous heap of geometry.",,,advanced,Import/Export,organise,,,,,https://docs.mcneel.com/rhino/9/help/en-us/commands/steptree.htm
,Stitch,Rhino,SubD,Zips selected SubD or mesh edges together so they become shared edges. The tool for closing gaps and welding sculpted parts into one continuous body.,,,intermediate,SubD|Edit|Connect,edit,subd|mesh,join,/rhino9-icons/stitch.png,,https://docs.mcneel.com/rhino/9/help/en-us/commandlist/command_list.htm
,Stretch,Rhino,Transform,"Elongates only the middle region of objects along an axis, leaving the ends undistorted. Ideal for lengthening a chair rail or window while keeping its end details intact.",,,intermediate,Transform|Deform,transform|edit,curve|surface|solid|subd|mesh,scale|move,/rhino9-icons/stretch.png,,https://docs.mcneel.com/rhino/9/help/en-us/commandlist/command_list.htm
,SubCrv,Rhino,Curve,"Extracts the portion of a curve between two picked points, either shortening the original or copying just that stretch. Quicker than splitting and deleting when you only need part of a curve.",,,intermediate,Curve Edit,edit,curve,split,/rhino9-icons/subcrv.png,,https://docs.mcneel.com/rhino/9/help/en-us/commands/subcrv.htm
,SubDBox,Rhino,SubD,Creates a SubD box with a chosen number of faces per side. A common starting block for organic massing that will be sculpted by pushing points and edges.,,,beginner,SubD|Create|Primitive,create,subd,,,,https://docs.mcneel.com/rhino/9/help/en-us/commandlist/command_list.htm
,SubDCone,Rhino,SubD,Creates a SubD cone primitive for sculpting tapered organic shapes. Handy for tent-like and horn-like starting volumes.,,,beginner,SubD|Create|Primitive,create,subd,,,,https://docs.mcneel.com/rhino/9/help/en-us/commandlist/command_list.htm
,SubDCrease,Rhino,SubD,"Makes selected SubD edges or vertices fully creased, so the smooth surface carries a sharp corner or arris there. The way to mix crisp architectural edges into otherwise soft SubD forms.",,,intermediate,SubD,edit,subd,,,,https://docs.mcneel.com/rhino/9/help/en-us/commands/subdcrease.htm
,SubDCylinder,Rhino,SubD,"Creates a SubD cylinder with configurable face counts. A clean starting point for soft columns, trunks and limb-like forms.",,,beginner,SubD|Create|Primitive,create,subd,,,,https://docs.mcneel.com/rhino/9/help/en-us/commandlist/command_list.htm
,SubDDisplayToggle,Rhino,SubD,"Switches SubD display between smooth and flat (boxy control cage) modes. Designers flip to flat mode for precise topology edits, then back to judge the smooth result.",,,beginner,SubD|Display|Workflow,visualise|edit,subd|view,,/rhino9-icons/subddisplaytoggle.png,,https://docs.mcneel.com/rhino/9/help/en-us/commandlist/command_list.htm
,SubDEllipsoid,Rhino,SubD,"Draws an ellipsoid as a SubD object, giving you a smooth stretched-sphere primitive ready for organic push-and-pull editing.",,,beginner,SubD|Primitives,create,subd,,,,https://docs.mcneel.com/rhino/9/help/en-us/commands/subdellipsoid.htm
,SubDExpandEdges,Rhino,SubD,"Expands selected SubD edges into narrow strips of faces, adding topology either side of a feature line so you can control how tightly the surface turns there.",,,advanced,SubD,edit,subd,,/rhino9-icons/subdexpandedges.png,,https://docs.mcneel.com/rhino/9/help/en-us/commands/subdexpandedges.htm
,SubDFaceEdgeVertexToggle,Rhino,SubD,"Cycles the sub-object selection filter between SubD faces, edges and vertices - usually run from a keyboard shortcut so you can flip picking modes mid-edit without leaving the viewport.",,,intermediate,SubD|Selection,organise,subd,,,,https://docs.mcneel.com/rhino/9/help/en-us/commands/subdfaceedgevertextoggle.htm
,Subdivide,Rhino,SubD,Splits selected SubD or mesh faces into smaller faces for denser local control. Used when one area of a sculpt needs much finer modelling than the rest.,,,intermediate,SubD|Edit|Faces,edit,subd|mesh,split,,,https://docs.mcneel.com/rhino/9/help/en-us/commandlist/command_list.htm
,SubDLoft,Rhino,SubD,Lofts a series of profile curves into a SubD surface with clean quad flow. A Rhino 8 addition for building smooth sculptable skins straight from section curves.,,,intermediate,SubD|Create|Profiles,create,subd|curve,,/rhino9-icons/subdloft.png,,https://docs.mcneel.com/rhino/9/help/en-us/commandlist/command_list.htm
,SubDPlane,Rhino,SubD,Creates a flat SubD plane divided into a grid of faces. The usual canvas for sculpting terrain-like or draped SubD surfaces.,,,beginner,SubD|Create|Primitive,create,subd,,,,https://docs.mcneel.com/rhino/9/help/en-us/commandlist/command_list.htm
,SubDSphere,Rhino,SubD,"Creates a smooth SubD sphere built from quad faces. Useful as a base for organic forms like pods, boulders and soft furniture.",,,beginner,SubD|Create|Primitive,create,subd,,,,https://docs.mcneel.com/rhino/9/help/en-us/commandlist/command_list.htm
,SubDSpinEdge,Rhino,SubD,"Rotates an interior SubD edge so it connects different corners of the neighbouring faces, rerouting topology without adding or removing points - useful for cleaning up awkward flow in a SubD mesh.",,,advanced,SubD,edit,subd,,/rhino9-icons/subdspinedge.png,,https://docs.mcneel.com/rhino/9/help/en-us/commands/subdspinedge.htm
,SubDSweep1,Rhino,SubD,Sweeps profiles along one rail to produce a SubD rather than a NURBS surface. Keeps concept geometry light and editable for further sculpting.,,,intermediate,SubD|Create|Rail,create,subd|curve,,/rhino9-icons/subdsweep1.png,,https://docs.mcneel.com/rhino/9/help/en-us/commandlist/command_list.htm
,SubDSweep2,Rhino,SubD,Sweeps profiles along two rails to build a SubD skin controlled at both edges. Useful for organic canopies and seat shells that need later point editing.,,,intermediate,SubD|Create|Rail,create,subd|curve,,,,https://docs.mcneel.com/rhino/9/help/en-us/commandlist/command_list.htm
,SubDTorus,Rhino,SubD,"Creates a SubD ring primitive. A useful base for smooth loops, seating rings and continuous banded forms.",,,beginner,SubD|Create|Primitive,create,subd,,,,https://docs.mcneel.com/rhino/9/help/en-us/commandlist/command_list.htm
,SubDTruncatedCone,Rhino,SubD,"Draws a truncated cone as a SubD object - a smooth frustum primitive for organic modelling, tapering columns and vessel-like forms.",,,beginner,SubD|Primitives,create,subd,,,,https://docs.mcneel.com/rhino/9/help/en-us/commands/subdtruncatedcone.htm
,Sun,Rhino,Render,"Controls a sun light by date, time and location for accurate shadows. Essential for daylight and rights-of-light style studies directly in the viewport.",,,intermediate,Render|Lighting|Daylight,visualise|analyse,view,,/rhino9-icons/sun.png,,https://docs.mcneel.com/rhino/9/help/en-us/commandlist/command_list.htm
,SwapMeshEdge,Rhino,Mesh,"Flips the diagonal edge shared by two triangular mesh faces, changing how their quad is divided - a classic fix for ugly shading and creasing in triangulated meshes.",,,intermediate,Mesh Edit,edit,mesh,,/rhino9-icons/swapmeshedge.png,,https://docs.mcneel.com/rhino/9/help/en-us/commands/swapmeshedge.htm
,SwapView,Rhino,View,Exchanges the view shown in the active viewport with that of another viewport - quick reshuffling of your workspace without redefining cameras.,,,intermediate,Viewports,visualise,view,navigate,,,https://docs.mcneel.com/rhino/9/help/en-us/commands/swapview.htm
,Sweep1,Rhino,Surface,"Runs one or more cross-section shapes along a single rail curve to build a surface. Ideal for handrails, mouldings and extrusion-like forms that follow a curved path.",,,intermediate,Surface|Create|Rail,create,surface|curve,,/rhino9-icons/sweep1.png,,https://docs.mcneel.com/rhino/9/help/en-us/commandlist/command_list.htm
,Sweep2,Rhino,Surface,"Builds a surface by carrying cross-sections along two rail curves, keeping both edges under control. The tool of choice when a shape must hit two defined boundary curves.",,,intermediate,Surface|Create|Rail,create,surface|curve,,/rhino9-icons/sweep2.png,,https://docs.mcneel.com/rhino/9/help/en-us/commandlist/command_list.htm
,Symmetry,Rhino,Transform,"Mirrors a curve or SubD edge across a plane and keeps the join smooth, with history so edits stay symmetrical. Used for precise symmetrical design curves and SubD halves.",,,advanced,Transform|Symmetry|History,transform|edit,curve|subd,mirror|smooth,/rhino9-icons/symmetry_crv.png,,https://docs.mcneel.com/rhino/9/help/en-us/commandlist/command_list.htm
,SynchronizeCPlanes,Rhino,View,"Applies the active viewport's construction plane to the other viewports, keeping CPlanes consistent while you work on a tilted or rotated plane across several views.",,,intermediate,CPlanes,visualise|organise,view,,,,https://docs.mcneel.com/rhino/9/help/en-us/commands/synchronizecplanes.htm
,SynchronizeRenderColors,Rhino,Render,"Brings render material colours and object display colours into line with each other, so shaded views and renders agree - useful for quick colour-coded massing and option studies.",,,intermediate,Rendering,visualise,,,/rhino9-icons/synchronizerendercolors.png,,https://docs.mcneel.com/rhino/9/help/en-us/commands/synchronizerendercolors.htm
,SystemInfo,Rhino,Tools,"Prints a report of Rhino's version, graphics hardware and loaded plug-ins. The first thing support asks for when troubleshooting display or stability issues.",,,beginner,Tools|Diagnostics|Support,analyse,,,/rhino9-icons/systeminfo.png,,https://docs.mcneel.com/rhino/9/help/en-us/commandlist/command_list.htm
,Taper,Rhino,Transform,Scales an object progressively along an axis so it narrows or widens towards one end. Quick way to give massing a tapering silhouette.,,,intermediate,Transform|Deform,transform|edit,curve|surface|solid|subd|mesh,scale,/rhino9-icons/taper.png,,https://docs.mcneel.com/rhino/9/help/en-us/commandlist/command_list.htm
,TCone,Rhino,Solid,"Creates a truncated cone between two circular ends of different radii. Handy for tapered columns, hoppers and flared connections.",,,beginner,Solid|Create|Primitive,create,solid,,,,https://docs.mcneel.com/rhino/9/help/en-us/commandlist/command_list.htm
,Text,Rhino,Dimension,"Places a block of annotation text at a picked point, styled by the current annotation style. Used for titles, notes and labels throughout drawings.",,,beginner,Dimension|Annotation|Notes,document,annotation,annotate,/rhino9-icons/text.png,,https://docs.mcneel.com/rhino/9/help/en-us/commandlist/command_list.htm
,TextObject,Rhino,Solid,"Generates real geometry from text as curves, surfaces or solids. Reach for it for signage, embossed lettering and CNC-cut graphics rather than annotation.",,,intermediate,Solid|Text|Signage,create,curve|surface|solid,,/rhino9-icons/textobject.png,,https://docs.mcneel.com/rhino/9/help/en-us/commandlist/command_list.htm
,TextProperties,Rhino,Dimension,"Opens the settings for selected text objects so their content, font and formatting can be changed - a direct route into text editing alongside the Properties panel.",,,beginner,Annotation,edit|document,annotation,annotate,,,https://docs.mcneel.com/rhino/9/help/en-us/commands/textproperties.htm
,Textures,Rhino,Render,"Opens the Textures panel, where the image and procedural textures in the document are created and managed for use in materials, environments and decals.",,,beginner,Rendering,visualise,,,/rhino9-icons/textures.png,,https://docs.mcneel.com/rhino/9/help/en-us/commands/textures.htm
,ThicknessAnalysis,Rhino,Analyze,Colour-maps the wall thickness of closed solids or meshes between set limits. Valuable for checking shelled components and 3D print walls before fabrication.,,,advanced,Analyze|Thickness|Fabrication,analyse|visualise,solid|mesh,measure,/rhino9-icons/thicknessanalysis.png,,https://docs.mcneel.com/rhino/9/help/en-us/commandlist/command_list.htm
,ThicknessAnalysisOff,Rhino,Analyze,Turns off the false-colour thickness analysis display once you have finished checking wall thicknesses for printing or fabrication.,,,intermediate,Analysis,analyse,solid|mesh,,,,https://docs.mcneel.com/rhino/9/help/en-us/commands/thicknessanalysisoff.htm
,TiltView,Rhino,View,"Rolls the camera about its own axis, tilting the horizon of the view. Occasionally useful for dramatic perspectives, or for levelling a named view that has picked up an accidental tilt.",,,intermediate,Camera,visualise,view,navigate,/rhino9-icons/tiltview.png,,https://docs.mcneel.com/rhino/9/help/en-us/commands/tiltview.htm
,ToggleFloatingViewport,Rhino,View,"Floats the active viewport as its own window, or docks it back into the main layout - handy for throwing a perspective view onto a second monitor while drafting in the first.",,,intermediate,Viewports,visualise,view,,,,https://docs.mcneel.com/rhino/9/help/en-us/commands/togglefloatingviewport.htm
,ToggleLeftSidebar,Rhino,Tools,"Shows or hides the left sidebar of the Rhino window, freeing screen space for the viewports on smaller displays.",,,beginner,Interface,organise,,,,,https://docs.mcneel.com/rhino/9/help/en-us/commands/toggleleftsidebar.htm
,ToggleRenderMesh,Rhino,View,Toggles display of objects' render meshes on and off - a quick way to inspect the mesh that sits behind shaded and rendered display.,,,advanced,Display|Mesh,analyse|visualise,surface|solid,,,,https://docs.mcneel.com/rhino/9/help/en-us/commands/togglerendermesh.htm
,ToggleRightSidebar,Rhino,Tools,Shows or hides the right sidebar of the Rhino window - typically the Properties and panel stack - to give viewports more room.,,,beginner,Interface,organise,,,,,https://docs.mcneel.com/rhino/9/help/en-us/commands/togglerightsidebar.htm
,ToNURBS,Rhino,SubD,"Converts SubD or mesh objects into NURBS surfaces and polysurfaces. Used when a sculpted concept needs precise trimming, filleting or export to documentation.",,,intermediate,SubD|Convert|Workflow,edit,subd|surface|mesh,,/rhino9-icons/tonurbs.png,,https://docs.mcneel.com/rhino/9/help/en-us/commandlist/command_list.htm
,ToolbarLock,Rhino,Tools,Locks the toolbar layout so buttons and toolbars cannot be dragged out of place by stray clicks - worth switching on once your workspace is arranged.,,,beginner,Interface,organise,,,,,https://docs.mcneel.com/rhino/9/help/en-us/commands/toolbarlock.htm
,Torus,Rhino,Solid,"Creates a solid ring from a centre, ring radius and tube radius. Occasionally needed for handrail loops, gaskets and toroidal architectural forms.",,,beginner,Solid|Create|Primitive,create,solid,,/rhino9-icons/torus.png,,https://docs.mcneel.com/rhino/9/help/en-us/commandlist/command_list.htm
,ToSubD,Rhino,SubD,"Converts meshes, NURBS surfaces or extrusions into SubD objects. The gateway for bringing existing geometry into Rhino's smooth sculpting workflow.",,,intermediate,SubD|Convert|Workflow,create|edit,subd|mesh|surface,,/rhino9-icons/tosubd.png,,https://docs.mcneel.com/rhino/9/help/en-us/commandlist/command_list.htm
,TriangulateMesh,Rhino,Mesh,Splits all quad mesh faces into triangles. Required by some export formats and analysis tools that only accept triangulated geometry.,,,intermediate,Mesh|Edit|Topology,edit,mesh,split,/rhino9-icons/triangulatemesh.png,,https://docs.mcneel.com/rhino/9/help/en-us/commandlist/command_list.htm
,TriangulateNonPlanarQuads,Rhino,Mesh,"Splits only the non-planar quad faces of a mesh into triangles, fixing the faces that some exporters and engines reject while leaving flat quads untouched.",,,advanced,Mesh Edit,edit,mesh,,,,https://docs.mcneel.com/rhino/9/help/en-us/commands/triangulatenonplanarquads.htm
,TriangulateRenderMeshes,Rhino,Mesh,"Triangulates the render meshes of selected objects, useful when a downstream renderer or file format cannot cope with quad faces.",,,advanced,Mesh Edit,edit,mesh|surface,,,,https://docs.mcneel.com/rhino/9/help/en-us/commands/triangulaterendermeshes.htm
,Trim,Rhino,Edit,"Cuts away the parts of objects you click, using other objects as cutting edges. Together with Split and Join, the core editing operation in every Rhino session.",,,beginner,Edit|Cutting,edit,curve|surface|solid|mesh,cut,/rhino9-icons/trim.png,,https://docs.mcneel.com/rhino/9/help/en-us/commandlist/command_list.htm
,TruncatedCone,Rhino,Solid,"Draws a solid truncated cone - a cone with its top sliced off flat. The frustum primitive for tapered columns, hoppers, lampshades and planters.",,,beginner,Primitives,create,solid,,/rhino9-icons/truncatedcone.png,,https://docs.mcneel.com/rhino/9/help/en-us/commands/truncatedcone.htm
,TruncatedPyramid,Rhino,Solid,"Draws a solid truncated pyramid - a pyramid cut off flat before its apex. Useful for plinths, rooflights, pad foundations and battered walls.",,,beginner,Primitives,create,solid,,/rhino9-icons/truncatedpyramid.png,,https://docs.mcneel.com/rhino/9/help/en-us/commands/truncatedpyramid.htm
,Tube,Rhino,Solid,Creates a hollow straight cylinder with wall thickness in one operation. Quicker than boolean-subtracting two cylinders for sleeves and ducts.,,,beginner,Solid|Create|Primitive,create,solid,thicken,/rhino9-icons/tube.png,,https://docs.mcneel.com/rhino/9/help/en-us/commandlist/command_list.htm
,Turntable,Rhino,View,Spins the model continuously in the viewport. A simple way to review a design from all sides or run an impromptu presentation loop.,,,beginner,View|Presentation|Animation,visualise,view,rotate|navigate,/rhino9-icons/turntable.png,,https://docs.mcneel.com/rhino/9/help/en-us/commandlist/command_list.htm
,Tutorials,Rhino,Tools,"Opens Rhino's tutorials panel, with guided lessons and sample files - a good signpost for newcomers finding their way around the program.",,,beginner,Help,document,,,,,https://docs.mcneel.com/rhino/9/help/en-us/commands/tutorials.htm
,TweenCurves,Rhino,Curve,"Generates intermediate curves evenly blended between two input curves. Great for louvre arrays, contour infills and transitional profiles between two design conditions.",,,intermediate,Curve|Create|Interpolation,create,curve,array,/rhino9-icons/tweencurves.png,,https://docs.mcneel.com/rhino/9/help/en-us/commandlist/command_list.htm
,TweenSurfaces,Rhino,Surface,"Creates one or more surfaces evenly interpolated between two input surfaces - useful for louvre arrays, stepped facades and transitional forms that morph from one shape to another.",,,intermediate,Surface Creation,create,surface,array,/rhino9-icons/tweensurfaces.png,,https://docs.mcneel.com/rhino/9/help/en-us/commands/tweensurfaces.htm
,Twist,Rhino,Transform,Rotates an object progressively along an axis so it spirals between start and end angles. The instant twisted-tower and helical-fin tool.,,,intermediate,Transform|Deform,transform|edit,curve|surface|solid|subd|mesh,rotate,/rhino9-icons/twist.png,,https://docs.mcneel.com/rhino/9/help/en-us/commandlist/command_list.htm
,Undo,Rhino,Edit,"Steps back through recent commands, reversing changes to the model. The most pressed shortcut in any session.",Ctrl+Z,,beginner,Edit|History,edit,,,/rhino9-icons/undo.png,,https://docs.mcneel.com/rhino/9/help/en-us/commandlist/command_list.htm
,UndoMultiple,Rhino,Edit,"Undoes several steps in one go by letting you choose how far back to unwind, instead of hammering Ctrl+Z and hoping.",,,beginner,Undo,edit,,,,,https://docs.mcneel.com/rhino/9/help/en-us/commands/undomultiple.htm
,UndoSelection,Rhino,Edit,Restores the previous selection set - a rescue when a mis-click deselects the collection of objects you had carefully built up.,,,beginner,Selection|Undo,organise,,,,,https://docs.mcneel.com/rhino/9/help/en-us/commands/undoselection.htm
,UndoView,Rhino,View,Steps back through recent view changes without touching geometry. Rescues you after an accidental zoom or orbit loses a carefully framed view.,Home,,beginner,View|Navigation|History,visualise,view,navigate,/rhino9-icons/undoview.png,,https://docs.mcneel.com/rhino/9/help/en-us/commandlist/command_list.htm
,Ungroup,Rhino,Edit,Dissolves the selected group back into independent objects. The exit route when grouped items need separate editing.,,,beginner,Edit|Groups|Organisation,organise,curve|surface|solid|subd|mesh|point,split,,,https://docs.mcneel.com/rhino/9/help/en-us/commandlist/command_list.htm
,UngroupAll,Rhino,Edit,"Removes all levels of grouping from the selection in one go, where Ungroup only peels off the top level of nested groups.",,,beginner,Groups,organise,,,,,https://docs.mcneel.com/rhino/9/help/en-us/commands/ungroupall.htm
,UnifyMeshNormals,Rhino,Mesh,"Flips inconsistent face normals so the whole mesh points one way. A standard repair before boolean operations, rendering or 3D printing.",,,intermediate,Mesh|Repair|Normals,edit,mesh,,/rhino9-icons/unifymeshnormals.png,,https://docs.mcneel.com/rhino/9/help/en-us/commandlist/command_list.htm
,Unisolate,Rhino,Edit,Restores the objects hidden by the last Isolate. Returns the full model after focused work.,,,beginner,Edit|Visibility|Focus,organise|visualise,curve|surface|solid|subd|mesh|point,,,,https://docs.mcneel.com/rhino/9/help/en-us/commandlist/command_list.htm
,UnisolateFromViewports,Rhino,Edit,"Ends per-viewport isolation, bringing back objects that had been hidden in particular viewports so all views show the full model again.",,,intermediate,Visibility,organise|visualise,view,,,,https://docs.mcneel.com/rhino/9/help/en-us/commands/unisolatefromviewports.htm
,UnisolateLock,Rhino,Edit,"Reverses IsolateLock, unlocking the objects that were locked so you could work on an isolated selection undisturbed.",,,intermediate,Visibility,organise,,,,,https://docs.mcneel.com/rhino/9/help/en-us/commands/unisolatelock.htm
,UnjoinEdge,Rhino,Analyze,"Un-joins edges that were force-joined with JoinEdge, restoring them as separate naked edges - a sensible first step before rebuilding a dubious joint properly.",,,advanced,Edge Tools,edit,surface,,,,https://docs.mcneel.com/rhino/9/help/en-us/commands/unjoinedge.htm
,Unlock,Rhino,Edit,Releases all locked objects so they can be selected again. Blanket partner to Lock.,,,beginner,Edit|Visibility|Protection,organise,curve|surface|solid|subd|mesh|point|annotation,,,,https://docs.mcneel.com/rhino/9/help/en-us/commandlist/command_list.htm
,UnlockSelected,Rhino,Edit,Lets you pick specific locked objects to release while others stay locked. Fine-grained partner to Unlock for busy reference-heavy files.,,,intermediate,Edit|Visibility|Protection,organise,curve|surface|solid|mesh,,,,https://docs.mcneel.com/rhino/9/help/en-us/commandlist/command_list.htm
,UnpackTextures,Rhino,Render,"Saves the texture images embedded in the 3dm file out to a folder on disk, so they can be edited, replaced or shared separately from the model.",,,intermediate,Rendering|Files,organise,,,,,https://docs.mcneel.com/rhino/9/help/en-us/commands/unpacktextures.htm
,UnrollSrf,Rhino,Surface,"Flattens developable (single-curvature) surfaces onto a plane, with their marked curves and labels. Essential for fabrication drawings of sheet metal, timber veneers and curved cladding.",,,intermediate,Surface|Fabrication|Flatten,edit|document,surface|curve,,/rhino9-icons/unrollsrf.png,,https://docs.mcneel.com/rhino/9/help/en-us/commandlist/command_list.htm
,Untrim,Rhino,Surface,"Removes a trim boundary and restores the full underlying surface, optionally keeping the trimming curves. Used to recover clean geometry when a trim needs rethinking.",,,beginner,Surface|Edit|Clean-up,edit,surface,,,,https://docs.mcneel.com/rhino/9/help/en-us/commandlist/command_list.htm
,UntrimAll,Rhino,Surface,"Removes every trim from a surface, recovering the full underlying sheet - the fastest way to strip out holes and cut edges when you want to start the trimming again.",,,intermediate,Surface Edit,edit,surface,,,,https://docs.mcneel.com/rhino/9/help/en-us/commands/untrimall.htm
,UntrimBorder,Rhino,Surface,"Removes only the outer trim boundary of a surface, restoring the full sheet while keeping any interior holes intact.",,,intermediate,Surface Edit,edit,surface,,,,https://docs.mcneel.com/rhino/9/help/en-us/commands/untrimborder.htm
,UntrimHoles,Rhino,Surface,Removes the interior holes from a trimmed surface while keeping its outer boundary - ideal for blanking off openings before re-detailing a facade or panel.,,,intermediate,Surface Edit,edit,surface,,,,https://docs.mcneel.com/rhino/9/help/en-us/commands/untrimholes.htm
,Unweld,Rhino,Mesh,Splits mesh vertices along edges above a crease angle so those edges shade as sharp. Used to restore crisp arris lines on smoothed meshes.,,,intermediate,Mesh|Edit|Shading,edit,mesh,split,,,https://docs.mcneel.com/rhino/9/help/en-us/commandlist/command_list.htm
,UnweldEdge,Rhino,Mesh,"Unwelds only the specific mesh edges you pick, making them shade as creases. Precise control over which lines read sharp in a rendered mesh.",,,advanced,Mesh|Edit|Shading,edit,mesh,split,,,https://docs.mcneel.com/rhino/9/help/en-us/commandlist/command_list.htm
,Unwrap,Rhino,Render,"Flattens an object's surface into UV texture space, using seam edges you choose, so textures can be applied or painted without stretching - the starting point for serious texture-mapping work.",,,advanced,Texture Mapping,visualise|edit,mesh|surface|subd,,,,https://docs.mcneel.com/rhino/9/help/en-us/commands/unwrap.htm
,UseExtrusions,Rhino,Tools,"Sets whether commands such as Box, Cylinder and ExtrudeCrv create lightweight extrusion objects or full polysurfaces. Extrusions keep big repetitive models fast; polysurfaces suit heavy downstream editing.",,,advanced,Settings,organise,solid,,,,https://docs.mcneel.com/rhino/9/help/en-us/commands/useextrusions.htm
,UVEditor,Rhino,Render,"Opens the UV editor, which shows a flattened copy of the object's texture coordinates that you edit to control exactly how textures wrap the model.",,,advanced,Texture Mapping,visualise|edit,mesh|surface|subd,,,,https://docs.mcneel.com/rhino/9/help/en-us/commands/uveditor.htm
,VariableBlendSrf,Rhino,Surface,"Creates a smooth blend surface between edges with its size and shape varying along the run, controlled by handles - for transitions that need to swell and tighten along their length.",,,advanced,Fillets and Blends,create,surface,,/rhino9-icons/variableblendsrf_rt.png,,https://docs.mcneel.com/rhino/9/help/en-us/commands/variableblendsrf.htm
,VariableChamferSrf,Rhino,Surface,"Chamfers between surfaces with distances that vary along the edge, set by handles - angled transitions that change width along their run.",,,advanced,Fillets and Blends,create|edit,surface,,/rhino9-icons/variablechamfersrf.png,,https://docs.mcneel.com/rhino/9/help/en-us/commands/variablechamfersrf.htm
,VariableFilletSrf,Rhino,Surface,"Fillets between surfaces with a radius that varies along the edge, adjusted by handles - for fillets that need to grow or shrink along a run rather than stay constant.",,,advanced,Fillets and Blends,create|edit,surface,,/rhino9-icons/variablefilletsrf.png,,https://docs.mcneel.com/rhino/9/help/en-us/commands/variablefilletsrf.htm
,VariableOffsetSrf,Rhino,Surface,"Offsets a surface with different distances at chosen points, blending smoothly between them. Useful when a shell or panel must thicken structurally in some zones only.",,,advanced,Surface|Edit|Thickness,create|edit,surface,offset|thicken,/rhino9-icons/variableoffsetsrf.png,,https://docs.mcneel.com/rhino/9/help/en-us/commandlist/command_list.htm
,ViewCaptureToClipboard,Rhino,View,"Copies a viewport image straight to the clipboard for pasting into emails, decks and documents. The fastest route from model to meeting note.",,,beginner,View|Output|Images,visualise|document,view,,,,https://docs.mcneel.com/rhino/9/help/en-us/commandlist/command_list.htm
,ViewCaptureToFile,Rhino,View,"Saves an image of the viewport at chosen resolution, with options for grid and widget visibility. The workhorse for quick design-study images without full rendering.",,,beginner,View|Output|Images,visualise|document,view,,,,https://docs.mcneel.com/rhino/9/help/en-us/commandlist/command_list.htm
,ViewFirstFrame,Rhino,Render,"Jumps the animation preview to its first frame, taking you back to the start of a recorded fly-through or sun study.",,,intermediate,Animation,visualise,view,navigate,,,https://docs.mcneel.com/rhino/9/help/en-us/commands/viewfirstframe.htm
,ViewFrameNumber,Rhino,Render,Jumps the animation preview to a frame number you type - useful for checking a specific moment in a fly-through or sun study without playing the whole sequence.,,,intermediate,Animation,visualise,view,navigate,,,https://docs.mcneel.com/rhino/9/help/en-us/commands/viewframenumber.htm
,ViewLastFrame,Rhino,Render,Jumps the animation preview to its final frame - a quick check of how a fly-through or sun study ends.,,,intermediate,Animation,visualise,view,navigate,,,https://docs.mcneel.com/rhino/9/help/en-us/commands/viewlastframe.htm
,ViewNextFrame,Rhino,Render,"Steps the animation preview forward one frame, letting you inspect a camera path or sun study frame by frame.",,,intermediate,Animation,visualise,view,navigate,,,https://docs.mcneel.com/rhino/9/help/en-us/commands/viewnextframe.htm
,ViewportTabs,Rhino,View,Shows or hides the viewport tabs along the edge of the graphics area - the quick way to flip between viewports and layout pages.,,,beginner,Viewports|Interface,visualise|organise,view|layout,,,,https://docs.mcneel.com/rhino/9/help/en-us/commands/viewporttabs.htm
,ViewPreviousFrame,Rhino,Render,Steps the animation preview back one frame - the partner to ViewNextFrame when scrubbing through a recorded sequence.,,,intermediate,Animation,visualise,view,navigate,,,https://docs.mcneel.com/rhino/9/help/en-us/commands/viewpreviousframe.htm
,Volume,Rhino,Analyze,"Calculates the enclosed volume of closed solids or meshes. Key for cut-and-fill studies, concrete quantities and capacity checks.",,,beginner,Analyze|Measure|Quantities,analyse,solid|mesh,measure,/rhino9-icons/volume.png,,https://docs.mcneel.com/rhino/9/help/en-us/commandlist/command_list.htm
,VolumeCentroid,Rhino,Analyze,Finds the centre of mass of closed volumes and marks it with a point. Used in stability and rigging studies for heavy elements.,,,intermediate,Analyze|Measure|Quantities,analyse,solid|mesh|point,measure,/rhino9-icons/volumecentroid.png,,https://docs.mcneel.com/rhino/9/help/en-us/commandlist/command_list.htm
,VolumeMoments,Rhino,Analyze,"Calculates volume, centroid and moments of inertia for closed solids - engineering-grade mass-property data straight from the model, useful for structural and stability checks.",,,advanced,Mass Properties,analyse,solid|mesh,measure,/rhino9-icons/volumemoments.png,,https://docs.mcneel.com/rhino/9/help/en-us/commands/volumemoments.htm
,Walkabout,Rhino,View,Moves the camera at eye level with walking-style controls. Handy for checking interior spatial experience without setting up a full walkthrough.,,,intermediate,View|Navigation|Camera,visualise,view,navigate,/rhino9-icons/walkabout.png,,https://docs.mcneel.com/rhino/9/help/en-us/commandlist/command_list.htm
,WebBrowser,Rhino,Tools,"Opens a simple web browser panel inside Rhino - occasionally useful for keeping reference pages, product data or web tools alongside the model.",,,beginner,Interface,document,,,/rhino9-icons/webbrowser.png,,https://docs.mcneel.com/rhino/9/help/en-us/commands/webbrowser.htm
,Weight,Rhino,Edit,"Edits the weight of selected control points, changing how strongly they pull the curve or surface towards them - higher weights tighten the shape locally, lower weights slacken it. A rational-geometry tool for fine control.",,,advanced,Control Points,edit,curve|surface,,/rhino9-icons/weight.png,,https://docs.mcneel.com/rhino/9/help/en-us/commands/weight.htm
,Weld,Rhino,Mesh,Merges coincident mesh vertices within an angle tolerance so faces share smooth shading. Fixes faceted-looking seams on imported meshes.,,,intermediate,Mesh|Edit|Clean-up,edit,mesh,join|smooth,/rhino9-icons/weld.png,,https://docs.mcneel.com/rhino/9/help/en-us/commandlist/command_list.htm
,WeldEdge,Rhino,Mesh,Welds the mesh vertices along chosen edges so the adjoining faces share them and shade smoothly across the join - targeted smoothing where Weld's angle-based approach is too blunt.,,,intermediate,Mesh Edit,edit,mesh,join|smooth,,,https://docs.mcneel.com/rhino/9/help/en-us/commands/weldedge.htm
,WeldVertices,Rhino,Mesh,"Welds selected mesh vertices so the faces around them share single vertices, removing the shading splits at those points - handy for spot-fixing seams in a mesh.",,,intermediate,Mesh Edit,edit,mesh,join|smooth,,,https://docs.mcneel.com/rhino/9/help/en-us/commands/weldvertices.htm
,What,Rhino,Analyze,"Prints a detailed report of an object's type, structure and validity. First stop for identifying mystery geometry in inherited files.",,,beginner,Analyze|Diagnostics,analyse,curve|surface|solid|subd|mesh|point,,,,https://docs.mcneel.com/rhino/9/help/en-us/commandlist/command_list.htm
,WindowLayout,Rhino,Tools,"Saves and restores named arrangements of Rhino's windows, panels and toolbars - one layout for modelling, another for drafting, another for rendering, switched in a click.",,,intermediate,Interface,organise,,,,,https://docs.mcneel.com/rhino/9/help/en-us/commands/windowlayout.htm
,WireCut,Rhino,Solid,"Slices a solid using a curve projected through it, keeping or discarding the pieces you choose. An intuitive cutter for stepped facades and profile-driven subtractions.",,,intermediate,Solid|Edit|Cutting,edit,solid|curve,cut|split,/rhino9-icons/wirecut.png,,https://docs.mcneel.com/rhino/9/help/en-us/commandlist/command_list.htm
,Worksession,Rhino,File,"Attaches other Rhino files as read-only references around your active file, so a team can split a big project into parts. Rhino's answer to external references for large-project collaboration.",,,advanced,File|Collaboration|References,organise,,,/rhino9-icons/worksession_rt.png,,https://docs.mcneel.com/rhino/9/help/en-us/commandlist/command_list.htm
,Zebra,Rhino,Analyze,Projects stripe patterns onto surfaces so continuity flaws show as kinked or broken stripes. The quickest visual check of how smoothly surfaces meet.,,,intermediate,Analyze|Continuity|Quality,analyse|visualise,surface|subd,,/rhino9-icons/zebra.png,,https://docs.mcneel.com/rhino/9/help/en-us/commandlist/command_list.htm
,ZebraOff,Rhino,Analyze,Turns off the zebra-stripe analysis display once you have finished checking surface smoothness and continuity.,,,intermediate,Analysis,analyse,surface,,,,https://docs.mcneel.com/rhino/9/help/en-us/commands/zebraoff.htm
,Zoom,Rhino,View,"Zooms the viewport by window, extents, selected objects or factor. Its aliases make framing the whole model or a selection a two-keystroke habit.",,,beginner,View|Navigation,visualise,view,navigate,/rhino9-icons/zoom.png,,https://docs.mcneel.com/rhino/9/help/en-us/commandlist/command_list.htm
,Zoom1To1Calibrate,Rhino,View,"Calibrates your monitor by measuring a known distance on screen, so that Zoom 1To1 can display the model at true real-world size - useful for judging details and text at actual scale.",,,intermediate,Viewports,visualise,view,,,,https://docs.mcneel.com/rhino/9/help/en-us/commands/zoom1to1calibrate.htm
,ZoomLens,Rhino,View,"Changes the active perspective view's lens length, zooming by focal length rather than moving the camera - wide angle for interiors, long lens for flatter, elevational-feeling perspectives.",,,intermediate,Camera,visualise,view,navigate,,,https://docs.mcneel.com/rhino/9/help/en-us/commands/zoomlens.htm
,ZoomNaked,Rhino,Analyze,"Steps the view through each naked edge on the selected objects, zooming to them one by one so open joints can be inspected and repaired - the natural follow-up to ShowEdges.",,,advanced,Edge Tools,analyse,surface|mesh,navigate,,,https://docs.mcneel.com/rhino/9/help/en-us/commands/zoomnaked.htm
,ZoomNonManifold,Rhino,Analyze,"Steps the view through each non-manifold edge on the selected objects, zooming to every spot where more than two faces meet an edge - the fastest way to inspect the defects that break printing and Booleans.",,,advanced,Edge Tools,analyse,surface|mesh,navigate,,,https://docs.mcneel.com/rhino/9/help/en-us/commands/zoomnonmanifold.htm
